-- phpMyAdmin SQL Dump
-- version 4.7.1
-- https://www.phpmyadmin.net/
--
-- Хост: localhost
-- Время создания: Июн 25 2017 г., 23:44
-- Версия сервера: 5.7.17-0ubuntu0.16.04.2
-- Версия PHP: 7.0.15-1+deb.sury.org~xenial+1

SET SQL_MODE = "NO_AUTO_VALUE_ON_ZERO";
SET AUTOCOMMIT = 0;
START TRANSACTION;
SET time_zone = "+00:00";


/*!40101 SET @OLD_CHARACTER_SET_CLIENT=@@CHARACTER_SET_CLIENT */;
/*!40101 SET @OLD_CHARACTER_SET_RESULTS=@@CHARACTER_SET_RESULTS */;
/*!40101 SET @OLD_COLLATION_CONNECTION=@@COLLATION_CONNECTION */;
/*!40101 SET NAMES utf8mb4 */;

--
-- База данных: `admin_company`
--

-- --------------------------------------------------------

--
-- Структура таблицы `attachments`
--


-- Дамп данных таблицы `attachments`
--

INSERT INTO `attachments` (`id`, `name`, `original_name`, `mime`, `extension`, `size`, `sort`, `path`, `description`, `alt`, `user_id`, `post_id`, `created_at`, `updated_at`) VALUES
(1, '2301ecc47f0e3197b4c68f0fae7e1556529408d7', 'pexels-photo-147485.jpeg', 'image/jpeg', 'jpeg', 2875961, 0, '2017/06/12/', NULL, NULL, 2, 1, '2017-06-12 15:01:51', '2017-06-12 15:01:54');

-- --------------------------------------------------------


-- --------------------------------------------------------

--
-- Дамп данных таблицы `city`
--

INSERT INTO `city` (`id`, `country_id`, `name`, `ascii_name`) VALUES
(1, 1, 'Москва', 'Moskva'),
(2, 1, 'Абрамцево', 'Abramtsevo'),
(3, 1, 'Алабино', 'Alabino'),
(4, 1, 'Апрелевка', 'Aprelevka'),
(5, 1, 'Архангельское', 'Arkhangelskoe'),
(6, 1, 'Ашитково', 'Ashitkovo'),
(7, 1, 'Байконур', 'Baykonur'),
(8, 1, 'Бакшеево', 'Baksheevo'),
(9, 1, 'Балашиха', 'Balashikha'),
(10, 1, 'Барыбино', 'Barybino'),
(11, 1, 'Белозёрский', 'Belozerskiy'),
(12, 1, 'Белоомут', 'Beloomut'),
(13, 1, 'Белые Столбы', 'Belye Stolby'),
(14, 1, 'Бородино (Московская обл.)', 'Borodino'),
(15, 1, 'Бронницы', 'Bronnitsy'),
(16, 1, 'Быково (Московская обл.)', 'Bykovo'),
(17, 1, 'Валуево', 'Valuevo'),
(18, 1, 'Вербилки', 'Verbilki'),
(19, 1, 'Верея', 'Vereya'),
(20, 1, 'Видное', 'Vidnoe'),
(21, 1, 'Внуково', 'Vnukovo'),
(22, 1, 'Вождь Пролетариата', 'Vozhd Proletariata'),
(23, 1, 'Волоколамск', 'Volokolamsk'),
(24, 1, 'Вороново', 'Voronovo'),
(25, 1, 'Воскресенск', 'Voskresensk'),
(26, 1, 'Восточный', 'Vostochnyy'),
(27, 1, 'Востряково', 'Vostryakovo'),
(28, 1, 'Высоковск', 'Vysokovsk'),
(29, 1, 'Голицыно (Московская обл.)', 'Golitsyno'),
(30, 1, 'Деденево', 'Dedenevo'),
(31, 1, 'Дедовск', 'Dedovsk'),
(32, 1, 'Дзержинский', 'Dzerzhinskiy'),
(33, 1, 'Дмитров', 'Dmitrov'),
(34, 1, 'Долгопрудный', 'Dolgoprudnyy'),
(35, 1, 'Домодедово', 'Domodedovo'),
(36, 1, 'Дорохово', 'Dorokhovo'),
(37, 1, 'Дрезна', 'Drezna'),
(38, 1, 'Дубки', 'Dubki'),
(39, 1, 'Дубна', 'Dubna'),
(40, 1, 'Егорьевск', 'Egorevsk'),
(41, 1, 'Железнодорожный (Московск.)', 'ZHeleznodorozhnyy'),
(42, 1, 'Жилево', 'ZHilevo'),
(43, 1, 'Жуковка', 'ZHukovka'),
(44, 1, 'Жуковский', 'ZHukovskiy'),
(45, 1, 'Загорск', 'Zagorsk'),
(46, 1, 'Загорянский', 'Zagoryanskiy'),
(47, 1, 'Запрудная', 'Zaprudnaya'),
(48, 1, 'Зарайск', 'Zaraysk'),
(49, 1, 'Звенигород', 'Zvenigorod'),
(50, 1, 'Зеленоград', 'Zelenograd'),
(51, 1, 'Ивантеевка (Московская обл.)', 'Ivanteevka'),
(52, 1, 'Икша', 'Iksha'),
(53, 1, 'Ильинский (Московская обл.)', 'Ilinskiy'),
(54, 1, 'Истра', 'Istra'),
(55, 1, 'Калининец', 'Kalininets'),
(56, 1, 'Кашира', 'Kashira'),
(57, 1, 'Керва', 'Kerva'),
(58, 1, 'Климовск', 'Klimovsk'),
(59, 1, 'Клин', 'Klin'),
(60, 1, 'Клязьма', 'Klyazma'),
(61, 1, 'Кожино', 'Kozhino'),
(62, 1, 'Кокошкино', 'Kokoshkino'),
(63, 1, 'Коломна', 'Kolomna'),
(64, 1, 'Колюбакино', 'Kolyubakino'),
(65, 1, 'Королев', 'Korolev'),
(66, 1, 'Косино', 'Kosino'),
(67, 1, 'Котельники', 'Kotelniki'),
(68, 1, 'Красково', 'Kraskovo'),
(69, 1, 'Красноармейск (Московская обл.)', 'Krasnoarmeysk'),
(70, 1, 'Красногорск', 'Krasnogorsk'),
(71, 1, 'Краснозаводск', 'Krasnozavodsk'),
(72, 1, 'Краснознаменск (Московская обл.)', 'Krasnoznamensk'),
(73, 1, 'Красный Ткач', 'Krasnyy Tkach'),
(74, 1, 'Крюково', 'Kryukovo'),
(75, 1, 'Кубинка', 'Kubinka'),
(76, 1, 'Купавна', 'Kupavna'),
(77, 1, 'Куровское', 'Kurovskoe'),
(78, 1, 'Лесной Городок', 'Lesnoy Gorodok'),
(79, 1, 'Ликино-Дулево', 'Likino-Dulevo'),
(80, 1, 'Лобня', 'Lobnya'),
(81, 1, 'Лопатинский', 'Lopatinskiy'),
(82, 1, 'Лосино-Петровский', 'Losino-Petrovskiy'),
(83, 1, 'Лотошино', 'Lotoshino'),
(84, 1, 'Лукино', 'Lukino'),
(85, 1, 'Луховицы', 'Lukhovitsy'),
(86, 1, 'Лыткарино', 'Lytkarino'),
(87, 1, 'Львовский', 'Lvovskiy'),
(88, 1, 'Люберцы', 'Lyubertsy'),
(89, 1, 'Малаховка', 'Malakhovka'),
(90, 1, 'Михайловское', 'Mikhaylovskoe'),
(91, 1, 'Михнево', 'Mikhnevo'),
(92, 1, 'Можайск', 'Mozhaysk'),
(93, 1, 'Монино', 'Monino'),
(94, 1, 'Московский', 'Moskovskiy'),
(95, 1, 'Муханово', 'Mukhanovo'),
(96, 1, 'Мытищи', 'Mytishchi'),
(97, 1, 'Нарофоминск', 'Narofominsk'),
(98, 1, 'Нахабино', 'Nakhabino'),
(99, 1, 'Некрасовка', 'Nekrasovka'),
(100, 1, 'Немчиновка', 'Nemchinovka'),
(101, 1, 'Новобратцевский', 'Novobrattsevskiy'),
(102, 1, 'Новоподрезково', 'Novopodrezkovo'),
(103, 1, 'Ногинск', 'Noginsk'),
(104, 1, 'Обухово', 'Obukhovo'),
(105, 1, 'Одинцово', 'Odintsovo'),
(106, 1, 'Ожерелье', 'Ozherele'),
(107, 1, 'Озеры', 'Ozery'),
(108, 1, 'Октябрьский (Московская обл.)', 'Oktyabrskiy'),
(109, 1, 'Опалиха', 'Opalikha'),
(110, 1, 'Орехово-Зуево', 'Orekhovo-Zuevo'),
(111, 1, 'Павловский Посад', 'Pavlovskiy Posad'),
(112, 1, 'Первомайский (Московская обл.)', 'Pervomayskiy'),
(113, 1, 'Пески (Московская обл.)', 'Peski'),
(114, 1, 'Пироговский', 'Pirogovskiy'),
(115, 1, 'Подольск', 'Podolsk'),
(116, 1, 'Полушкино', 'Polushkino'),
(117, 1, 'Правдинский', 'Pravdinskiy'),
(118, 1, 'Привокзальный', 'Privokzalnyy'),
(119, 1, 'Пролетарский', 'Proletarskiy'),
(120, 1, 'Протвино (Московская обл.)', 'Protvino'),
(121, 1, 'Пушкино', 'Pushkino'),
(122, 1, 'Пущино', 'Pushchino'),
(123, 1, 'Раменское', 'Ramenskoe'),
(124, 1, 'Реутов', 'Reutov'),
(125, 1, 'Решетниково', 'Reshetnikovo'),
(126, 1, 'Родники (Московская обл.)', 'Rodniki'),
(127, 1, 'Рошаль', 'Roshal'),
(128, 1, 'Рублево', 'Rublevo'),
(129, 1, 'Руза', 'Ruza'),
(130, 1, 'Салтыковка', 'Saltykovka'),
(131, 1, 'Северный', 'Severnyy'),
(132, 1, 'Сергиев Посад', 'Sergiev Posad'),
(133, 1, 'Серебряные Пруды', 'Serebryanye Prudy'),
(134, 1, 'Серпухов', 'Serpukhov'),
(135, 1, 'Солнечногорск', 'Solnechnogorsk'),
(136, 1, 'Солнцево', 'Solntsevo'),
(137, 1, 'Софрино', 'Sofrino'),
(138, 1, 'Старая Купавна', 'Staraya Kupavna'),
(139, 1, 'Старбеево', 'Starbeevo'),
(140, 1, 'Ступино', 'Stupino'),
(141, 1, 'Сходня', 'Skhodnya'),
(142, 1, 'Талдом', 'Taldom'),
(143, 1, 'Текстильщик', 'Tekstilshchik'),
(144, 1, 'Темпы', 'Tempy'),
(145, 1, 'Томилино', 'Tomilino'),
(146, 1, 'Троицк', 'Troitsk'),
(147, 1, 'Туголесский Бор', 'Tugolesskiy Bor'),
(148, 1, 'Тучково', 'Tuchkovo'),
(149, 1, 'Уваровка', 'Uvarovka'),
(150, 1, 'Удельная', 'Udelnaya'),
(151, 1, 'Успенское', 'Uspenskoe'),
(152, 1, 'Фирсановка', 'Firsanovka'),
(153, 1, 'Фрязино', 'Fryazino'),
(154, 1, 'Фряново', 'Fryanovo'),
(155, 1, 'Химки', 'KHimki'),
(156, 1, 'Хотьково', 'KHotkovo'),
(157, 1, 'Черкизово', 'CHerkizovo'),
(158, 1, 'Черноголовка', 'CHernogolovka'),
(159, 1, 'Черусти', 'CHerusti'),
(160, 1, 'Чехов', 'CHekhov'),
(161, 1, 'Шарапово', 'SHarapovo'),
(162, 1, 'Шатура', 'SHatura'),
(163, 1, 'Шатурторф', 'SHaturtorf'),
(164, 1, 'Шаховская', 'SHakhovskaya'),
(165, 1, 'Шереметьевский', 'SHeremetevskiy'),
(166, 1, 'Щелково', 'SHCHelkovo'),
(167, 1, 'Щербинка', 'SHCHerbinka'),
(168, 1, 'Электрогорск', 'Elektrogorsk'),
(169, 1, 'Электросталь', 'Elektrostal'),
(170, 1, 'Электроугли', 'Elektrougli'),
(171, 1, 'Юбилейный (Московская обл.)', 'YUbileynyy'),
(172, 1, 'Яхрома', 'YAkhroma'),
(173, 2, 'Санкт-Петербург', 'Sankt-Peterburg'),
(174, 2, 'Александровская', 'Aleksandrovskaya'),
(175, 2, 'Бокситогорск', 'Boksitogorsk'),
(176, 2, 'Большая Ижора', 'Bolshaya Izhora'),
(177, 2, 'Будогощь', 'Budogoshch'),
(178, 2, 'Вознесенье', 'Voznesene'),
(179, 2, 'Волосово', 'Volosovo'),
(180, 2, 'Волхов', 'Volkhov'),
(181, 2, 'Всеволожск', 'Vsevolozhsk'),
(182, 2, 'Выборг', 'Vyborg'),
(183, 2, 'Вырица', 'Vyritsa'),
(184, 2, 'Высоцк', 'Vysotsk'),
(185, 2, 'Гатчина', 'Gatchina'),
(186, 2, 'Дружная Горка', 'Druzhnaya Gorka'),
(187, 2, 'Дубровка', 'Dubrovka'),
(188, 2, 'Ефимовский', 'Efimovskiy'),
(189, 2, 'Зеленогорск (Ленинградская обл.)', 'Zelenogorsk'),
(190, 2, 'Ивангород', 'Ivangorod'),
(191, 2, 'Каменногорск', 'Kamennogorsk'),
(192, 2, 'Кикерино', 'Kikerino'),
(193, 2, 'Кингисепп', 'Kingisepp'),
(194, 2, 'Кириши', 'Kirishi'),
(195, 2, 'Кировск', 'Kirovsk'),
(196, 2, 'Кобринское', 'Kobrinskoe'),
(197, 2, 'Колпино', 'Kolpino'),
(198, 2, 'Коммунар', 'Kommunar'),
(199, 2, 'Коммунар', 'Kommunar'),
(200, 2, 'Кронштадт', 'Kronshtadt'),
(201, 2, 'Лисий Нос', 'Lisiy Nos'),
(202, 2, 'Лодейное Поле', 'Lodeynoe Pole'),
(203, 2, 'Ломоносов', 'Lomonosov'),
(204, 2, 'Луга', 'Luga'),
(205, 2, 'Павловск (Ленинградская обл.)', 'Pavlovsk'),
(206, 2, 'Парголово', 'Pargolovo'),
(207, 2, 'Петродворец', 'Petrodvorets'),
(208, 2, 'Пикалёво', 'Pikalevo'),
(209, 2, 'Подпорожье', 'Podporozhe'),
(210, 2, 'Приозерск', 'Priozersk'),
(211, 2, 'Пушкин', 'Pushkin'),
(212, 2, 'Светогорск', 'Svetogorsk'),
(213, 2, 'Сертолово', 'Sertolovo'),
(214, 2, 'Сестрорецк', 'Sestroretsk'),
(215, 2, 'Сланцы', 'Slantsy'),
(216, 2, 'Сосновый Бор', 'Sosnovyy Bor'),
(217, 2, 'Тихвин', 'Tikhvin'),
(218, 2, 'Тосно', 'Tosno'),
(219, 2, 'Шлиссельбург', 'SHlisselburg'),
(220, 3, 'Адыгейск', 'Adygeysk'),
(221, 3, 'Майкоп (Адыгея)', 'Maykop'),
(222, 4, 'Акташ', 'Aktash'),
(223, 4, 'Акутиха', 'Akutikha'),
(224, 4, 'Алейск', 'Aleysk'),
(225, 4, 'Алтайский', 'Altayskiy'),
(226, 4, 'Баево', 'Baevo'),
(227, 4, 'Барнаул', 'Barnaul'),
(228, 4, 'Белово (Алтайский край)', 'Belovo'),
(229, 4, 'Белокуриха', 'Belokurikha'),
(230, 4, 'Белоярск', 'Beloyarsk'),
(231, 4, 'Бийск', 'Biysk'),
(232, 4, 'Благовещенск', 'Blagoveshchensk'),
(233, 4, 'Боровлянка', 'Borovlyanka'),
(234, 4, 'Бурла', 'Burla'),
(235, 4, 'Бурсоль', 'Bursol'),
(236, 4, 'Быстрый Исток', 'Bystryy Istok'),
(237, 4, 'Волчиха', 'Volchikha'),
(238, 4, 'Горно-Алтайск', 'Gorno-Altaysk'),
(239, 4, 'Горняк', 'Gornyak'),
(240, 4, 'Ельцовка', 'Eltsovka'),
(241, 4, 'Залесово', 'Zalesovo'),
(242, 4, 'Заринск', 'Zarinsk'),
(243, 4, 'Заток', 'Zatok'),
(244, 4, 'Змеиногорск', 'Zmeinogorsk'),
(245, 4, 'Камень-на-Оби', 'Kamen-na-Obi'),
(246, 4, 'Ключи (Алтайский край)', 'Klyuchi'),
(247, 4, 'Кош-Агач', 'Kosh-Agach'),
(248, 4, 'Красногорское (Алтайский край)', 'Krasnogorskoe'),
(249, 4, 'Краснощеково', 'Krasnoshchekovo'),
(250, 4, 'Кулунда', 'Kulunda'),
(251, 4, 'Кытманово', 'Kytmanovo'),
(252, 4, 'Мамонтово', 'Mamontovo'),
(253, 4, 'Новичиха', 'Novichikha'),
(254, 4, 'Новоалтайск', 'Novoaltaysk'),
(255, 4, 'Онгудай', 'Onguday'),
(256, 4, 'Павловск (Алтайский край)', 'Pavlovsk'),
(257, 4, 'Петропавловское', 'Petropavlovskoe'),
(258, 4, 'Поспелиха', 'Pospelikha'),
(259, 4, 'Ребриха', 'Rebrikha'),
(260, 4, 'Родино', 'Rodino'),
(261, 4, 'Рубцовск', 'Rubtsovsk'),
(262, 4, 'Славгород', 'Slavgorod'),
(263, 4, 'Смоленское', 'Smolenskoe'),
(264, 4, 'Солонешное', 'Soloneshnoe'),
(265, 4, 'Солтон', 'Solton'),
(266, 4, 'Староаллейское', 'Staroalleyskoe'),
(267, 4, 'Табуны', 'Tabuny'),
(268, 4, 'Тальменка', 'Talmenka'),
(269, 4, 'Тогул', 'Togul'),
(270, 4, 'Топчиха', 'Topchikha'),
(271, 4, 'Троицкое (Алтайский край)', 'Troitskoe'),
(272, 4, 'Турочак', 'Turochak'),
(273, 4, 'Тюменцево', 'Tyumentsevo'),
(274, 4, 'Угловское', 'Uglovskoe'),
(275, 4, 'Усть-Калманка', 'Ust-Kalmanka'),
(276, 4, 'Усть-Кан', 'Ust-Kan'),
(277, 4, 'Усть-Кокса', 'Ust-Koksa'),
(278, 4, 'Усть-Улаган', 'Ust-Ulagan'),
(279, 4, 'Усть-Чарышская Пристань', 'Ust-CHaryshskaya Pristan'),
(280, 4, 'Хабары', 'KHabary'),
(281, 4, 'Целинное', 'TSelinnoe'),
(282, 4, 'Чарышское', 'CHaryshskoe'),
(283, 4, 'Шебалино', 'SHebalino'),
(284, 4, 'Шелаболиха', 'SHelabolikha'),
(285, 4, 'Шипуново', 'SHipunovo'),
(286, 5, 'Айгунь', 'Aygun'),
(287, 5, 'Архара', 'Arkhara'),
(288, 5, 'Белогорск', 'Belogorsk'),
(289, 5, 'Благовещенск (Амурская обл.)', 'Blagoveshchensk'),
(290, 5, 'Бурея', 'Bureya'),
(291, 5, 'Возжаевка', 'Vozzhaevka'),
(292, 5, 'Екатеринославка', 'Ekaterinoslavka'),
(293, 5, 'Ерофей Павлович', 'Erofey Pavlovich'),
(294, 5, 'Завитинск', 'Zavitinsk'),
(295, 5, 'Зея', 'Zeya'),
(296, 5, 'Златоустовск', 'Zlatoustovsk'),
(297, 5, 'Ивановка', 'Ivanovka'),
(298, 5, 'Коболдо', 'Koboldo'),
(299, 5, 'Магдагачи', 'Magdagachi'),
(300, 5, 'Новобурейский', 'Novobureyskiy'),
(301, 5, 'Поярково', 'Poyarkovo'),
(302, 5, 'Райчихинск', 'Raychikhinsk'),
(303, 5, 'Ромны', 'Romny'),
(304, 5, 'Свободный', 'Svobodnyy'),
(305, 5, 'Серышево', 'Seryshevo'),
(306, 5, 'Сковородино', 'Skovorodino'),
(307, 5, 'Стойба', 'Stoyba'),
(308, 5, 'Тамбовка', 'Tambovka'),
(309, 5, 'Тында', 'Tynda'),
(310, 5, 'Февральск', 'Fevralsk'),
(311, 5, 'Шимановск', 'SHimanovsk'),
(312, 5, 'Экимчан', 'Ekimchan'),
(313, 5, 'Ядрино', 'YAdrino'),
(314, 6, 'Амдерма', 'Amderma'),
(315, 6, 'Архангельск', 'Arkhangelsk'),
(316, 6, 'Березник', 'Bereznik'),
(317, 6, 'Вельск', 'Velsk'),
(318, 6, 'Верхняя Тойма', 'Verkhnyaya Toyma'),
(319, 6, 'Волошка', 'Voloshka'),
(320, 6, 'Вычегодский', 'Vychegodskiy'),
(321, 6, 'Емца', 'Emtsa'),
(322, 6, 'Илеза', 'Ileza'),
(323, 6, 'Ильинско-Подомское', 'Ilinsko-Podomskoe'),
(324, 6, 'Каргополь (Архангельская обл.)', 'Kargopol'),
(325, 6, 'Карпогоры', 'Karpogory'),
(326, 6, 'Кодино', 'Kodino'),
(327, 6, 'Коноша', 'Konosha'),
(328, 6, 'Коряжма', 'Koryazhma'),
(329, 6, 'Котлас', 'Kotlas'),
(330, 6, 'Красноборск', 'Krasnoborsk'),
(331, 6, 'Лешуконское', 'Leshukonskoe'),
(332, 6, 'Мезень', 'Mezen'),
(333, 6, 'Мирный (Архангельская обл.)', 'Mirnyy'),
(334, 6, 'Нарьян-Мар', 'Naryan-Mar'),
(335, 6, 'Новодвинск', 'Novodvinsk'),
(336, 6, 'Няндома', 'Nyandoma'),
(337, 6, 'Онега', 'Onega'),
(338, 6, 'Пинега', 'Pinega'),
(339, 6, 'Плесецк', 'Plesetsk'),
(340, 6, 'Савинск', 'Savinsk'),
(341, 6, 'Северодвинск', 'Severodvinsk'),
(342, 6, 'Сольвычегодск', 'Solvychegodsk'),
(343, 6, 'Холмогоры', 'KHolmogory'),
(344, 6, 'Шенкурск', 'SHenkursk'),
(345, 6, 'Яренск', 'YArensk'),
(346, 7, 'Астрахань', 'Astrakhan'),
(347, 7, 'Ахтубинск', 'Akhtubinsk'),
(348, 7, 'Верхний Баскунчак', 'Verkhniy Baskunchak'),
(349, 7, 'Володарский', 'Volodarskiy'),
(350, 7, 'Енотаевка', 'Enotaevka'),
(351, 7, 'Икряное', 'Ikryanoe'),
(352, 7, 'Камызяк', 'Kamyzyak'),
(353, 7, 'Капустин Яр', 'Kapustin YAr'),
(354, 7, 'Красный Яр (Астраханская обл.)', 'Krasnyy YAr'),
(355, 7, 'Лиман', 'Liman'),
(356, 7, 'Началово', 'Nachalovo'),
(357, 7, 'Харабали', 'KHarabali'),
(358, 7, 'Черный Яр', 'CHernyy YAr'),
(359, 8, 'Агидель', 'Agidel'),
(360, 8, 'Аксаково', 'Aksakovo'),
(361, 8, 'Амзя', 'Amzya'),
(362, 8, 'Архангелькое', 'Arkhangelkoe'),
(363, 8, 'Аскарово', 'Askarovo'),
(364, 8, 'Аскино', 'Askino'),
(365, 8, 'Баймак', 'Baymak'),
(366, 8, 'Бакалы', 'Bakaly'),
(367, 8, 'Белебей', 'Belebey'),
(368, 8, 'Белорецк', 'Beloretsk'),
(369, 8, 'Бижбуляк', 'Bizhbulyak'),
(370, 8, 'Бирск', 'Birsk'),
(371, 8, 'Благовещенск (Башкирия)', 'Blagoveshchensk'),
(372, 8, 'Большеустьикинское', 'Bolsheustikinskoe'),
(373, 8, 'Бураево', 'Buraevo'),
(374, 8, 'Верхнеяркеево', 'Verkhneyarkeevo'),
(375, 8, 'Верхние Киги', 'Verkhnie Kigi'),
(376, 8, 'Верхние Татышлы', 'Verkhnie Tatyshly'),
(377, 8, 'Верхний Авзян', 'Verkhniy Avzyan'),
(378, 8, 'Давлеканово', 'Davlekanovo'),
(379, 8, 'Дуван', 'Duvan'),
(380, 8, 'Дюртюли', 'Dyurtyuli'),
(381, 8, 'Ермекеево', 'Ermekeevo'),
(382, 8, 'Ермолаево', 'Ermolaevo'),
(383, 8, 'Зилаир', 'Zilair'),
(384, 8, 'Зирган', 'Zirgan'),
(385, 8, 'Иглино', 'Iglino'),
(386, 8, 'Инзер', 'Inzer'),
(387, 8, 'Исянгулово', 'Isyangulovo'),
(388, 8, 'Ишимбай', 'Ishimbay'),
(389, 8, 'Калтасы', 'Kaltasy'),
(390, 8, 'Кананикольское', 'Kananikolskoe'),
(391, 8, 'Кандры', 'Kandry'),
(392, 8, 'Караидель', 'Karaidel'),
(393, 8, 'Караидельский', 'Karaidelskiy'),
(394, 8, 'Киргиз-Мияки', 'Kirgiz-Miyaki'),
(395, 8, 'Красноусольский', 'Krasnousolskiy'),
(396, 8, 'Кумертау', 'Kumertau'),
(397, 8, 'Кушнаренково', 'Kushnarenkovo'),
(398, 8, 'Малояз', 'Maloyaz'),
(399, 8, 'Межгорье', 'Mezhgore'),
(400, 8, 'Мелеуз', 'Meleuz'),
(401, 8, 'Месягутово', 'Mesyagutovo'),
(402, 8, 'Мраково', 'Mrakovo'),
(403, 8, 'Нефтекамск', 'Neftekamsk'),
(404, 8, 'Октябрьский (Башкирия)', 'Oktyabrskiy'),
(405, 8, 'Приютово', 'Priyutovo'),
(406, 8, 'Раевский', 'Raevskiy'),
(407, 8, 'Салават', 'Salavat'),
(408, 8, 'Сибай', 'Sibay'),
(409, 8, 'Старобалтачево', 'Starobaltachevo'),
(410, 8, 'Старосубхангулово', 'Starosubkhangulovo'),
(411, 8, 'Стерлибашево', 'Sterlibashevo'),
(412, 8, 'Стерлитамак', 'Sterlitamak'),
(413, 8, 'Туймазы', 'Tuymazy'),
(414, 8, 'Уфа', 'Ufa'),
(415, 8, 'Учалы', 'Uchaly'),
(416, 8, 'Федоровка (Башкирия)', 'Fedorovka'),
(417, 8, 'Чекмагуш', 'CHekmagush'),
(418, 8, 'Чишмы', 'CHishmy'),
(419, 8, 'Шаран', 'SHaran'),
(420, 8, 'Янаул', 'YAnaul'),
(421, 9, 'Алексеевка (Белгородская обл.)', 'Alekseevka'),
(422, 9, 'Белгород', 'Belgorod'),
(423, 9, 'Борисовка', 'Borisovka'),
(424, 9, 'Валуйки', 'Valuyki'),
(425, 9, 'Вейделевка', 'Veydelevka'),
(426, 9, 'Волоконовка', 'Volokonovka'),
(427, 9, 'Грайворон', 'Grayvoron'),
(428, 9, 'Губкин', 'Gubkin'),
(429, 9, 'Ивня', 'Ivnya'),
(430, 9, 'Короча', 'Korocha'),
(431, 9, 'Красногвардейское (Белгород.)', 'Krasnogvardeyskoe'),
(432, 9, 'Новый Оскол', 'Novyy Oskol'),
(433, 9, 'Ракитное', 'Rakitnoe'),
(434, 9, 'Ровеньки', 'Rovenki'),
(435, 9, 'Старый Оскол', 'Staryy Oskol'),
(436, 9, 'Строитель', 'Stroitel'),
(437, 9, 'Чернянка', 'CHernyanka'),
(438, 9, 'Шебекино', 'SHebekino'),
(439, 10, 'Алтухово', 'Altukhovo'),
(440, 10, 'Белая Березка', 'Belaya Berezka'),
(441, 10, 'Белые Берега', 'Belye Berega'),
(442, 10, 'Большое Полпино', 'Bolshoe Polpino'),
(443, 10, 'Брянск', 'Bryansk'),
(444, 10, 'Бытошь', 'Bytosh'),
(445, 10, 'Выгоничи', 'Vygonichi'),
(446, 10, 'Вышков', 'Vyshkov'),
(447, 10, 'Гордеевка', 'Gordeevka'),
(448, 10, 'Дубровка (Брянская обл.)', 'Dubrovka'),
(449, 10, 'Дятьково', 'Dyatkovo'),
(450, 10, 'Дятьково', 'Dyatkovo'),
(451, 10, 'Жирятино', 'ZHiryatino'),
(452, 10, 'Жуковка', 'ZHukovka'),
(453, 10, 'Злынка', 'Zlynka'),
(454, 10, 'Ивот', 'Ivot'),
(455, 10, 'Карачев', 'Karachev'),
(456, 10, 'Клетня', 'Kletnya'),
(457, 10, 'Климово', 'Klimovo'),
(458, 10, 'Клинцы', 'Klintsy'),
(459, 10, 'Кокаревка', 'Kokarevka'),
(460, 10, 'Комаричи', 'Komarichi'),
(461, 10, 'Красная Гора', 'Krasnaya Gora'),
(462, 10, 'Локоть (Брянская обл.)', 'Lokot'),
(463, 10, 'Мглин', 'Mglin'),
(464, 10, 'Навля', 'Navlya'),
(465, 10, 'Новозыбков', 'Novozybkov'),
(466, 10, 'Погар', 'Pogar'),
(467, 10, 'Почеп', 'Pochep'),
(468, 10, 'Ржаница', 'Rzhanitsa'),
(469, 10, 'Рогнедино', 'Rognedino'),
(470, 10, 'Севск', 'Sevsk'),
(471, 10, 'Стародуб', 'Starodub'),
(472, 10, 'Суземка', 'Suzemka'),
(473, 10, 'Сураж', 'Surazh'),
(474, 10, 'Трубчевск', 'Trubchevsk'),
(475, 10, 'Унеча', 'Unecha'),
(476, 11, 'Бабушкин', 'Babushkin'),
(477, 11, 'Багдарин', 'Bagdarin'),
(478, 11, 'Баргузин', 'Barguzin'),
(479, 11, 'Баянгол', 'Bayangol'),
(480, 11, 'Бичура', 'Bichura'),
(481, 11, 'Выдрино', 'Vydrino'),
(482, 11, 'Гусиное Озеро', 'Gusinoe Ozero'),
(483, 11, 'Гусиноозерск', 'Gusinoozersk'),
(484, 11, 'Заиграево', 'Zaigraevo'),
(485, 11, 'Закаменск', 'Zakamensk'),
(486, 11, 'Иволгинск', 'Ivolginsk'),
(487, 11, 'Илька', 'Ilka'),
(488, 11, 'Кабанск', 'Kabansk'),
(489, 11, 'Каменск', 'Kamensk'),
(490, 11, 'Кижинга', 'Kizhinga'),
(491, 11, 'Курумкан', 'Kurumkan'),
(492, 11, 'Кырен', 'Kyren'),
(493, 11, 'Кяхта', 'Kyakhta'),
(494, 11, 'Монды', 'Mondy'),
(495, 11, 'Мухоршибирь', 'Mukhorshibir'),
(496, 11, 'Нижнеангарск', 'Nizhneangarsk'),
(497, 11, 'Орлик', 'Orlik'),
(498, 11, 'Петропавловка (Бурятия)', 'Petropavlovka'),
(499, 11, 'Романовка (Бурятия)', 'Romanovka'),
(500, 11, 'Северобайкальск (Бурятия)', 'Severobaykalsk'),
(501, 11, 'Селенгинск', 'Selenginsk'),
(502, 11, 'Сосново-Озерское', 'Sosnovo-Ozerskoe'),
(503, 11, 'Таксимо (Бурятия)', 'Taksimo'),
(504, 11, 'Турунтаево', 'Turuntaevo'),
(505, 11, 'Улан-Удэ', 'Ulan-Ude'),
(506, 11, 'Хоринск', 'KHorinsk'),
(507, 12, 'Александров', 'Aleksandrov'),
(508, 12, 'Андреево', 'Andreevo'),
(509, 12, 'Анопино', 'Anopino'),
(510, 12, 'Бавлены', 'Bavleny'),
(511, 12, 'Балакирево', 'Balakirevo'),
(512, 12, 'Боголюбово', 'Bogolyubovo'),
(513, 12, 'Великодворский', 'Velikodvorskiy'),
(514, 12, 'Вербовский', 'Verbovskiy'),
(515, 12, 'Владимир', 'Vladimir'),
(516, 12, 'Вязники', 'Vyazniki'),
(517, 12, 'Городищи (Владимирская обл.)', 'Gorodishchi'),
(518, 12, 'Гороховец', 'Gorokhovets'),
(519, 12, 'Гусевский', 'Gusevskiy'),
(520, 12, 'Гусь Хрустальный', 'Gus KHrustalnyy'),
(521, 12, 'Гусь-Хрустальный', 'Gus-KHrustalnyy'),
(522, 12, 'Золотково', 'Zolotkovo'),
(523, 12, 'Иванищи', 'Ivanishchi'),
(524, 12, 'Камешково', 'Kameshkovo'),
(525, 12, 'Карабаново', 'Karabanovo'),
(526, 12, 'Киржач', 'Kirzhach'),
(527, 12, 'Ковров', 'Kovrov'),
(528, 12, 'Кольчугино', 'Kolchugino'),
(529, 12, 'Красная Горбатка', 'Krasnaya Gorbatka'),
(530, 12, 'Лакинск', 'Lakinsk'),
(531, 12, 'Меленки', 'Melenki'),
(532, 12, 'Муром', 'Murom'),
(533, 12, 'Петушки', 'Petushki'),
(534, 12, 'Покров', 'Pokrov'),
(535, 12, 'Радужный (Владимирская обл.)', 'Raduzhnyy'),
(536, 12, 'Собинка', 'Sobinka'),
(537, 12, 'Судогда', 'Sudogda'),
(538, 12, 'Суздаль', 'Suzdal'),
(539, 12, 'Юрьев-Польский', 'YUrev-Polskiy'),
(540, 13, 'Алексеевская', 'Alekseevskaya'),
(541, 13, 'Алущевск', 'Alushchevsk'),
(542, 13, 'Быково (Волгоградская обл.)', 'Bykovo'),
(543, 13, 'Волгоград', 'Volgograd'),
(544, 13, 'Волжский (Волгоградская обл.)', 'Volzhskiy'),
(545, 13, 'Городище (Волгоградская обл.)', 'Gorodishche'),
(546, 13, 'Дубовка (Волгоградская обл.)', 'Dubovka'),
(547, 13, 'Елань', 'Elan'),
(548, 13, 'Жирновск', 'ZHirnovsk'),
(549, 13, 'Иловля', 'Ilovlya'),
(550, 13, 'Калач-на-Дону', 'Kalach-na-Donu'),
(551, 13, 'Камышин', 'Kamyshin'),
(552, 13, 'Кириллов', 'Kirillov'),
(553, 13, 'Клетский', 'Kletskiy'),
(554, 13, 'Котельниково', 'Kotelnikovo'),
(555, 13, 'Котово', 'Kotovo'),
(556, 13, 'Кумылженская', 'Kumylzhenskaya'),
(557, 13, 'Ленинск', 'Leninsk'),
(558, 13, 'Михайловка', 'Mikhaylovka'),
(559, 13, 'Нехаевский', 'Nekhaevskiy'),
(560, 13, 'Николаевск', 'Nikolaevsk'),
(561, 13, 'Новоаннинский', 'Novoanninskiy'),
(562, 13, 'Новониколаевский', 'Novonikolaevskiy'),
(563, 13, 'Ольховка', 'Olkhovka'),
(564, 13, 'Палласовка (Волгоградская обл.)', 'Pallasovka'),
(565, 13, 'Рудня (Волгоградская обл.)', 'Rudnya'),
(566, 13, 'Светлый Яр', 'Svetlyy YAr'),
(567, 13, 'Серафимович', 'Serafimovich'),
(568, 13, 'Средняя Ахтуба', 'Srednyaya Akhtuba'),
(569, 13, 'Сталинград', 'Stalingrad'),
(570, 13, 'Старая Полтавка', 'Staraya Poltavka'),
(571, 13, 'Суровикино', 'Surovikino'),
(572, 13, 'Урюпинск', 'Uryupinsk'),
(573, 13, 'Фролово', 'Frolovo'),
(574, 13, 'Чернышковский', 'CHernyshkovskiy'),
(575, 14, 'Бабаево', 'Babaevo'),
(576, 14, 'Белозерск', 'Belozersk'),
(577, 14, 'Великий Устюг', 'Velikiy Ustyug'),
(578, 14, 'Верховажье', 'Verkhovazhe'),
(579, 14, 'Вожега', 'Vozhega'),
(580, 14, 'Вологда', 'Vologda'),
(581, 14, 'Вохтога', 'Vokhtoga'),
(582, 14, 'Вытегра', 'Vytegra'),
(583, 14, 'Грязовец', 'Gryazovets'),
(584, 14, 'Кадников', 'Kadnikov'),
(585, 14, 'Кадуй', 'Kaduy'),
(586, 14, 'Кириллов', 'Kirillov'),
(587, 14, 'Кичменгский Городок', 'Kichmengskiy Gorodok'),
(588, 14, 'Липин Бор', 'Lipin Bor'),
(589, 14, 'Никольск', 'Nikolsk'),
(590, 14, 'Нюксеница', 'Nyuksenitsa'),
(591, 14, 'Сокол', 'Sokol'),
(592, 14, 'Сямжа', 'Syamzha'),
(593, 14, 'Тарногский Городок', 'Tarnogskiy Gorodok'),
(594, 14, 'Тотьма', 'Totma'),
(595, 14, 'Устюжна', 'Ustyuzhna'),
(596, 14, 'Харовск', 'KHarovsk'),
(597, 14, 'Чагода', 'CHagoda'),
(598, 14, 'Череповец', 'CHerepovets'),
(599, 14, 'Шексна', 'SHeksna'),
(600, 14, 'Шуйское', 'SHuyskoe'),
(601, 15, 'Анна', 'Anna'),
(602, 15, 'Бобров', 'Bobrov'),
(603, 15, 'Богучар', 'Boguchar'),
(604, 15, 'Борисоглебск', 'Borisoglebsk'),
(605, 15, 'Бутурлиновка', 'Buturlinovka'),
(606, 15, 'Верхний Мамон', 'Verkhniy Mamon'),
(607, 15, 'Верхняя Хава', 'Verkhnyaya KHava'),
(608, 15, 'Воробьевка', 'Vorobevka'),
(609, 15, 'Воронеж', 'Voronezh'),
(610, 15, 'Грибановский', 'Gribanovskiy'),
(611, 15, 'Давыдовка', 'Davydovka'),
(612, 15, 'Елань-Коленовский', 'Elan-Kolenovskiy'),
(613, 15, 'Калач', 'Kalach'),
(614, 15, 'Кантемировка', 'Kantemirovka'),
(615, 15, 'Лиски (Воронежская обл.)', 'Liski'),
(616, 15, 'Нижнедевицк', 'Nizhnedevitsk'),
(617, 15, 'Новая Усмань', 'Novaya Usman'),
(618, 15, 'Нововоронеж', 'Novovoronezh'),
(619, 15, 'Новохоперск', 'Novokhopersk'),
(620, 15, 'Ольховатка', 'Olkhovatka'),
(621, 15, 'Острогожск', 'Ostrogozhsk'),
(622, 15, 'Павловск (Воронежская обл.)', 'Pavlovsk'),
(623, 15, 'Панино', 'Panino'),
(624, 15, 'Петропавловка', 'Petropavlovka'),
(625, 15, 'Поворино', 'Povorino'),
(626, 15, 'Подгоренский', 'Podgorenskiy'),
(627, 15, 'Рамонь', 'Ramon'),
(628, 15, 'Репьевка', 'Repevka'),
(629, 15, 'Россошь', 'Rossosh'),
(630, 15, 'Семилуки', 'Semiluki'),
(631, 15, 'Таловая', 'Talovaya'),
(632, 15, 'Терновка', 'Ternovka'),
(633, 15, 'Хохольский', 'KHokholskiy'),
(634, 15, 'Эртиль', 'Ertil'),
(635, 16, 'Агвали', 'Agvali'),
(636, 16, 'Акуша', 'Akusha'),
(637, 16, 'Ахты', 'Akhty'),
(638, 16, 'Ачису', 'Achisu'),
(639, 16, 'Бабаюрт', 'Babayurt'),
(640, 16, 'Бежта', 'Bezhta'),
(641, 16, 'Ботлих', 'Botlikh'),
(642, 16, 'Буйнакск', 'Buynaksk'),
(643, 16, 'Вачи', 'Vachi'),
(644, 16, 'Гергебиль', 'Gergebil'),
(645, 16, 'Гуниб', 'Gunib'),
(646, 16, 'Дагестанские Огни', 'Dagestanskie Ogni'),
(647, 16, 'Дербент', 'Derbent'),
(648, 16, 'Дылым', 'Dylym'),
(649, 16, 'Ершовка', 'Ershovka'),
(650, 16, 'Избербаш', 'Izberbash'),
(651, 16, 'Карабудахкент', 'Karabudakhkent'),
(652, 16, 'Карата', 'Karata'),
(653, 16, 'Каспийск', 'Kaspiysk'),
(654, 16, 'Касумкент', 'Kasumkent'),
(655, 16, 'Кизилюрт', 'Kizilyurt'),
(656, 16, 'Кизляр', 'Kizlyar'),
(657, 16, 'Кочубей', 'Kochubey'),
(658, 16, 'Кумух', 'Kumukh'),
(659, 16, 'Курах', 'Kurakh'),
(660, 16, 'Магарамкент', 'Magaramkent'),
(661, 16, 'Маджалис', 'Madzhalis'),
(662, 16, 'Махачкала', 'Makhachkala'),
(663, 16, 'Мехельта', 'Mekhelta'),
(664, 16, 'Новолакское', 'Novolakskoe'),
(665, 16, 'Рутул', 'Rutul'),
(666, 16, 'Советское (Дагестан)', 'Sovetskoe'),
(667, 16, 'Тарумовка', 'Tarumovka'),
(668, 16, 'Терекли-Мектеб', 'Terekli-Mekteb'),
(669, 16, 'Тлярата', 'Tlyarata'),
(670, 16, 'Тпиг', 'Tpig'),
(671, 16, 'Унцукуль', 'Untsukul'),
(672, 16, 'Уркарах', 'Urkarakh'),
(673, 16, 'Хасавюрт', 'KHasavyurt'),
(674, 16, 'Хив', 'KHiv'),
(675, 16, 'Хунзах', 'KHunzakh'),
(676, 16, 'Цуриб', 'TSurib'),
(677, 16, 'Южно-Сухокумск', 'YUzhno-Sukhokumsk'),
(678, 17, 'Биробиджан', 'Birobidzhan'),
(679, 18, 'Архиповка', 'Arkhipovka'),
(680, 18, 'Верхний Ландех', 'Verkhniy Landekh'),
(681, 18, 'Вичуга', 'Vichuga'),
(682, 18, 'Гаврилов Посад', 'Gavrilov Posad'),
(683, 18, 'Долматовский', 'Dolmatovskiy'),
(684, 18, 'Дуляпино', 'Dulyapino'),
(685, 18, 'Заволжск', 'Zavolzhsk'),
(686, 18, 'Заречный (Ивановская обл.)', 'Zarechnyy'),
(687, 18, 'Иваново', 'Ivanovo'),
(688, 18, 'Иваньковский', 'Ivankovskiy'),
(689, 18, 'Ильинское-Хованское', 'Ilinskoe-KHovanskoe'),
(690, 18, 'Каминский', 'Kaminskiy'),
(691, 18, 'Кинешма', 'Kineshma'),
(692, 18, 'Комсомольск', 'Komsomolsk'),
(693, 18, 'Кохма', 'Kokhma'),
(694, 18, 'Лух', 'Lukh'),
(695, 18, 'Палех', 'Palekh'),
(696, 18, 'Пестяки', 'Pestyaki'),
(697, 18, 'Приволжск', 'Privolzhsk'),
(698, 18, 'Пучеж', 'Puchezh'),
(699, 18, 'Родники (Ивановская обл.)', 'Rodniki'),
(700, 18, 'Савино', 'Savino'),
(701, 18, 'Сокольское', 'Sokolskoe'),
(702, 18, 'Тейково', 'Teykovo'),
(703, 18, 'Фурманов', 'Furmanov'),
(704, 18, 'Шуя', 'SHuya'),
(705, 18, 'Южа', 'YUzha'),
(706, 18, 'Юрьевец', 'YUrevets'),
(707, 19, 'Алексеевск', 'Alekseevsk'),
(708, 19, 'Алзамай', 'Alzamay'),
(709, 19, 'Алыгжер', 'Alygzher'),
(710, 19, 'Ангарск', 'Angarsk'),
(711, 19, 'Артемовский (Иркутская обл.)', 'Artemovskiy'),
(712, 19, 'Байкал', 'Baykal'),
(713, 19, 'Байкальск', 'Baykalsk'),
(714, 19, 'Балаганск', 'Balagansk'),
(715, 19, 'Баяндай', 'Bayanday'),
(716, 19, 'Бирюсинск', 'Biryusinsk'),
(717, 19, 'Бодайбо', 'Bodaybo'),
(718, 19, 'Большая Речка', 'Bolshaya Rechka'),
(719, 19, 'Большой Луг', 'Bolshoy Lug'),
(720, 19, 'Бохан', 'Bokhan'),
(721, 19, 'Братск', 'Bratsk'),
(722, 19, 'Видим', 'Vidim'),
(723, 19, 'Витимский', 'Vitimskiy'),
(724, 19, 'Вихоревка', 'Vikhorevka'),
(725, 19, 'Еланцы', 'Elantsy'),
(726, 19, 'Ербогачен', 'Erbogachen'),
(727, 19, 'Железногорск-Илимский', 'ZHeleznogorsk-Ilimskiy'),
(728, 19, 'Жигалово', 'ZHigalovo'),
(729, 19, 'Забитуй', 'Zabituy'),
(730, 19, 'Залари', 'Zalari'),
(731, 19, 'Звездный', 'Zvezdnyy'),
(732, 19, 'Зима', 'Zima'),
(733, 19, 'Иркутск', 'Irkutsk'),
(734, 19, 'Казачинское (Иркутская обл.)', 'Kazachinskoe'),
(735, 19, 'Качуг', 'Kachug'),
(736, 19, 'Квиток', 'Kvitok'),
(737, 19, 'Киренск', 'Kirensk'),
(738, 19, 'Куйтун', 'Kuytun'),
(739, 19, 'Култук', 'Kultuk'),
(740, 19, 'Кутулик', 'Kutulik'),
(741, 19, 'Мама', 'Mama'),
(742, 19, 'Нижнеудинск', 'Nizhneudinsk'),
(743, 19, 'Оса', 'Osa'),
(744, 19, 'Саянск', 'Sayansk'),
(745, 19, 'Слюдянка', 'Slyudyanka'),
(746, 19, 'Тайшет', 'Tayshet'),
(747, 19, 'Тулун', 'Tulun'),
(748, 19, 'Усолье-Сибирское (Иркутская обл.)', 'Usole-Sibirskoe'),
(749, 19, 'Усть-Илимск', 'Ust-Ilimsk'),
(750, 19, 'Усть-Кут', 'Ust-Kut'),
(751, 19, 'Усть-Ордынский', 'Ust-Ordynskiy'),
(752, 19, 'Усть-Уда', 'Ust-Uda'),
(753, 19, 'Черемхово', 'CHeremkhovo'),
(754, 19, 'Чунский', 'CHunskiy'),
(755, 19, 'Шелехов', 'SHelekhov'),
(756, 20, 'Баксан', 'Baksan'),
(757, 20, 'Майский', 'Mayskiy'),
(758, 20, 'Нальчик', 'Nalchik'),
(759, 20, 'Нарткала', 'Nartkala'),
(760, 20, 'Прохладный', 'Prokhladnyy'),
(761, 20, 'Советское (Кабардино-Балкария)', 'Sovetskoe'),
(762, 20, 'Терек', 'Terek'),
(763, 20, 'Тырныауз', 'Tyrnyauz'),
(764, 20, 'Чегем-Первый', 'CHegem-Pervyy'),
(765, 21, 'Багратионовск', 'Bagrationovsk'),
(766, 21, 'Балтийск', 'Baltiysk'),
(767, 21, 'Гвардейск', 'Gvardeysk'),
(768, 21, 'Гурьевск (Калининградская обл.)', 'Gurevsk'),
(769, 21, 'Гусев', 'Gusev'),
(770, 21, 'Железнодорожный (Калининград.)', 'ZHeleznodorozhnyy'),
(771, 21, 'Зеленоградск', 'Zelenogradsk'),
(772, 21, 'Знаменск', 'Znamensk'),
(773, 21, 'Калининград (Кенигсберг)', 'Kaliningrad'),
(774, 21, 'Краснознаменск (Калининград.)', 'Krasnoznamensk'),
(775, 21, 'Ладушкин', 'Ladushkin'),
(776, 21, 'Мамоново', 'Mamonovo'),
(777, 21, 'Неман', 'Neman'),
(778, 21, 'Нестеров', 'Nesterov'),
(779, 21, 'Озерск(Калининградская обл.)', 'Ozersk'),
(780, 21, 'Пионерск', 'Pionersk'),
(781, 21, 'Полесск', 'Polessk'),
(782, 21, 'Правдинск', 'Pravdinsk'),
(783, 21, 'Светлогорск', 'Svetlogorsk'),
(784, 21, 'Светлый (Калининградская обл.)', 'Svetlyy'),
(785, 21, 'Славск', 'Slavsk'),
(786, 21, 'Советск (Калининградская обл.)', 'Sovetsk'),
(787, 21, 'Черняховск', 'CHernyakhovsk'),
(788, 22, 'Аршань', 'Arshan'),
(789, 22, 'Городовиковск', 'Gorodovikovsk'),
(790, 22, 'Каспийский', 'Kaspiyskiy'),
(791, 22, 'Комсомольский (Калмыкия)', 'Komsomolskiy'),
(792, 22, 'Малые Дербеты', 'Malye Derbety'),
(793, 22, 'Приютное', 'Priyutnoe'),
(794, 22, 'Советское (Калмыкия)', 'Sovetskoe'),
(795, 22, 'Троицкое (Калмыкия)', 'Troitskoe'),
(796, 22, 'Утта', 'Utta'),
(797, 22, 'Цаган-Аман', 'TSagan-Aman'),
(798, 22, 'Элиста', 'Elista'),
(799, 22, 'Юста', 'YUsta'),
(800, 22, 'Яшалта', 'YAshalta'),
(801, 22, 'Яшкуль', 'YAshkul'),
(802, 23, 'Бабынино', 'Babynino'),
(803, 23, 'Балабаново', 'Balabanovo'),
(804, 23, 'Барятино', 'Baryatino'),
(805, 23, 'Белоусово', 'Belousovo'),
(806, 23, 'Бетлица', 'Betlitsa'),
(807, 23, 'Боровск', 'Borovsk'),
(808, 23, 'Дудоровский', 'Dudorovskiy'),
(809, 23, 'Думиничи', 'Duminichi'),
(810, 23, 'Еленский', 'Elenskiy'),
(811, 23, 'Жиздра', 'ZHizdra'),
(812, 23, 'Жуков', 'ZHukov'),
(813, 23, 'Износки', 'Iznoski'),
(814, 23, 'Калуга', 'Kaluga'),
(815, 23, 'Киров (Калужская обл.)', 'Kirov'),
(816, 23, 'Козельск', 'Kozelsk'),
(817, 23, 'Кондрово', 'Kondrovo'),
(818, 23, 'Кремёнки', 'Kremenki'),
(819, 23, 'Людиново', 'Lyudinovo'),
(820, 23, 'Малоярославец', 'Maloyaroslavets'),
(821, 23, 'Медынь', 'Medyn'),
(822, 23, 'Мещовск', 'Meshchovsk'),
(823, 23, 'Мосальск', 'Mosalsk'),
(824, 23, 'Обнинск', 'Obninsk'),
(825, 23, 'Перемышль', 'Peremyshl'),
(826, 23, 'Спас-Деменск', 'Spas-Demensk'),
(827, 23, 'Сухиничи', 'Sukhinichi'),
(828, 23, 'Таруса', 'Tarusa'),
(829, 23, 'Ульяново', 'Ulyanovo'),
(830, 23, 'Ферзиково', 'Ferzikovo'),
(831, 23, 'Хвастовичи', 'KHvastovichi'),
(832, 23, 'Юхнов', 'YUkhnov'),
(833, 24, 'Атласово', 'Atlasovo'),
(834, 24, 'Аянка', 'Ayanka'),
(835, 24, 'Большерецк', 'Bolsheretsk'),
(836, 24, 'Вилючинск', 'Vilyuchinsk'),
(837, 24, 'Елизово (Камчатская обл.)', 'Elizovo'),
(838, 24, 'Ильпырский', 'Ilpyrskiy'),
(839, 24, 'Каменское', 'Kamenskoe'),
(840, 24, 'Кировский', 'Kirovskiy'),
(841, 24, 'Ключи (Камчатская обл.)', 'Klyuchi'),
(842, 24, 'Крапивная', 'Krapivnaya'),
(843, 24, 'Мильково', 'Milkovo'),
(844, 24, 'Никольское', 'Nikolskoe'),
(845, 24, 'Озерновский', 'Ozernovskiy'),
(846, 24, 'Оссора', 'Ossora'),
(847, 24, 'Палана', 'Palana'),
(848, 24, 'Парень', 'Paren'),
(849, 24, 'Пахачи', 'Pakhachi'),
(850, 24, 'Петропавловск-Камчатский', 'Petropavlovsk-Kamchatskiy'),
(851, 24, 'Тигиль', 'Tigil'),
(852, 24, 'Тиличики', 'Tilichiki'),
(853, 24, 'Усть-Большерецк', 'Ust-Bolsheretsk'),
(854, 24, 'Усть-Камчатск', 'Ust-Kamchatsk'),
(855, 25, 'Амбарный', 'Ambarnyy'),
(856, 25, 'Беломорск', 'Belomorsk'),
(857, 25, 'Валаам', 'Valaam'),
(858, 25, 'Вирандозеро', 'Virandozero'),
(859, 25, 'Гирвас', 'Girvas'),
(860, 25, 'Деревянка', 'Derevyanka'),
(861, 25, 'Идель', 'Idel'),
(862, 25, 'Ильинский (Карелия)', 'Ilinskiy'),
(863, 25, 'Калевала', 'Kalevala'),
(864, 25, 'Кемь', 'Kem'),
(865, 25, 'Кестеньга', 'Kestenga'),
(866, 25, 'Кондопога', 'Kondopoga'),
(867, 25, 'Костомукша', 'Kostomuksha'),
(868, 25, 'Лахденпохья', 'Lakhdenpokhya'),
(869, 25, 'Лоухи', 'Loukhi'),
(870, 25, 'Медвежьегорск', 'Medvezhegorsk'),
(871, 25, 'Муезерский', 'Muezerskiy'),
(872, 25, 'Олонец', 'Olonets'),
(873, 25, 'Петрозаводск', 'Petrozavodsk'),
(874, 25, 'Питкяранта', 'Pitkyaranta'),
(875, 25, 'Повенец', 'Povenets'),
(876, 25, 'Пряжа', 'Pryazha'),
(877, 25, 'Пудож', 'Pudozh'),
(878, 25, 'Сегежа', 'Segezha'),
(879, 25, 'Сортавала', 'Sortavala'),
(880, 25, 'Суоярви', 'Suoyarvi'),
(881, 25, 'Хийденсельга', 'KHiydenselga'),
(882, 26, 'Анжеро-Судженск', 'Anzhero-Sudzhensk'),
(883, 26, 'Барзас', 'Barzas'),
(884, 26, 'Белово', 'Belovo'),
(885, 26, 'Белогорск', 'Belogorsk'),
(886, 26, 'Березовский (Кемеровская обл.)', 'Berezovskiy'),
(887, 26, 'Грамотеино', 'Gramoteino'),
(888, 26, 'Гурьевск', 'Gurevsk'),
(889, 26, 'Ижморский', 'Izhmorskiy'),
(890, 26, 'Итатский', 'Itatskiy'),
(891, 26, 'Калтан', 'Kaltan'),
(892, 26, 'Кедровка', 'Kedrovka'),
(893, 26, 'Кемерово', 'Kemerovo'),
(894, 26, 'Киселевск', 'Kiselevsk'),
(895, 26, 'Крапивинский', 'Krapivinskiy'),
(896, 26, 'Ленинск-Кузнецкий', 'Leninsk-Kuznetskiy'),
(897, 26, 'Мариинск', 'Mariinsk'),
(898, 26, 'Междуреченск', 'Mezhdurechensk'),
(899, 26, 'Мыски', 'Myski'),
(900, 26, 'Новокузнецк', 'Novokuznetsk'),
(901, 26, 'Осинники', 'Osinniki'),
(902, 26, 'Полысаево', 'Polysaevo'),
(903, 26, 'Прокопьевск', 'Prokopevsk'),
(904, 26, 'Промышленная', 'Promyshlennaya'),
(905, 26, 'Тайга', 'Tayga'),
(906, 26, 'Таштагол', 'Tashtagol'),
(907, 26, 'Тисуль', 'Tisul'),
(908, 26, 'Топки', 'Topki'),
(909, 26, 'Тяжинский', 'Tyazhinskiy'),
(910, 26, 'Юрга', 'YUrga'),
(911, 26, 'Яшкино', 'YAshkino'),
(912, 26, 'Яя', 'YAya'),
(913, 27, 'Арбаж', 'Arbazh'),
(914, 27, 'Аркуль', 'Arkul'),
(915, 27, 'Белая Холуница', 'Belaya KHolunitsa'),
(916, 27, 'Богородское (Кировская обл.)', 'Bogorodskoe'),
(917, 27, 'Боровой', 'Borovoy'),
(918, 27, 'Верхошижемье', 'Verkhoshizheme'),
(919, 27, 'Вятские Поляны (Кировская обл.)', 'Vyatskie Polyany'),
(920, 27, 'Зуевка', 'Zuevka'),
(921, 27, 'Каринторф', 'Karintorf'),
(922, 27, 'Кикнур', 'Kiknur'),
(923, 27, 'Кильмезь', 'Kilmez'),
(924, 27, 'Киров (Кировская обл.)', 'Kirov'),
(925, 27, 'Кирово-Чепецк', 'Kirovo-CHepetsk'),
(926, 27, 'Кирс', 'Kirs'),
(927, 27, 'Кобра', 'Kobra'),
(928, 27, 'Котельнич', 'Kotelnich'),
(929, 27, 'Кумены', 'Kumeny'),
(930, 27, 'Ленинское', 'Leninskoe'),
(931, 27, 'Луза', 'Luza'),
(932, 27, 'Малмыж', 'Malmyzh'),
(933, 27, 'Мураши', 'Murashi'),
(934, 27, 'Нагорск', 'Nagorsk'),
(935, 27, 'Нема', 'Nema'),
(936, 27, 'Нововятск', 'Novovyatsk'),
(937, 27, 'Нолинск', 'Nolinsk'),
(938, 27, 'Омутнинск', 'Omutninsk'),
(939, 27, 'Опарино', 'Oparino'),
(940, 27, 'Оричи', 'Orichi'),
(941, 27, 'Пижанка', 'Pizhanka'),
(942, 27, 'Подосиновец', 'Podosinovets'),
(943, 27, 'Санчурск', 'Sanchursk'),
(944, 27, 'Свеча', 'Svecha'),
(945, 27, 'Слободской', 'Slobodskoy'),
(946, 27, 'Советск (Кировская обл.)', 'Sovetsk'),
(947, 27, 'Суна', 'Suna'),
(948, 27, 'Тужа', 'Tuzha'),
(949, 27, 'Уни', 'Uni'),
(950, 27, 'Уржум', 'Urzhum'),
(951, 27, 'Фаленки', 'Falenki'),
(952, 27, 'Халтурин', 'KHalturin'),
(953, 27, 'Юрья', 'YUrya'),
(954, 27, 'Яранск', 'YAransk'),
(955, 28, 'Абезь', 'Abez'),
(956, 28, 'Адзьвавом', 'Adzvavom'),
(957, 28, 'Айкино', 'Aykino'),
(958, 28, 'Верхняя Инта', 'Verkhnyaya Inta'),
(959, 28, 'Визинга', 'Vizinga'),
(960, 28, 'Водный', 'Vodnyy'),
(961, 28, 'Воркута', 'Vorkuta'),
(962, 28, 'Вуктыл', 'Vuktyl'),
(963, 28, 'Елецкий', 'Eletskiy'),
(964, 28, 'Емва', 'Emva'),
(965, 28, 'Жешарт', 'ZHeshart'),
(966, 28, 'Заполярный', 'Zapolyarnyy'),
(967, 28, 'Ижма', 'Izhma'),
(968, 28, 'Инта', 'Inta'),
(969, 28, 'Ираель', 'Irael'),
(970, 28, 'Каджером', 'Kadzherom'),
(971, 28, 'Кажым', 'Kazhym'),
(972, 28, 'Кожым', 'Kozhym'),
(973, 28, 'Койгородок', 'Koygorodok'),
(974, 28, 'Корткерос', 'Kortkeros'),
(975, 28, 'Кослан', 'Koslan'),
(976, 28, 'Микунь', 'Mikun'),
(977, 28, 'Нижний Одес', 'Nizhniy Odes'),
(978, 28, 'Объячево', 'Obyachevo'),
(979, 28, 'Печора', 'Pechora'),
(980, 28, 'Сосногорск', 'Sosnogorsk'),
(981, 28, 'Сыктывкар', 'Syktyvkar'),
(982, 28, 'Троицко-Печерск', 'Troitsko-Pechersk'),
(983, 28, 'Усинск', 'Usinsk'),
(984, 28, 'Усогорск', 'Usogorsk'),
(985, 28, 'Усть-Кулом', 'Ust-Kulom'),
(986, 28, 'Усть-Цильма', 'Ust-TSilma'),
(987, 28, 'Ухта', 'Ukhta'),
(988, 29, 'Антропово', 'Antropovo'),
(989, 29, 'Боговарово', 'Bogovarovo'),
(990, 29, 'Буй', 'Buy'),
(991, 29, 'Волгореченск', 'Volgorechensk'),
(992, 29, 'Галич', 'Galich'),
(993, 29, 'Горчуха', 'Gorchukha'),
(994, 29, 'Зебляки', 'Zeblyaki'),
(995, 29, 'Кадый', 'Kadyy'),
(996, 29, 'Кологрив', 'Kologriv'),
(997, 29, 'Кострома', 'Kostroma'),
(998, 29, 'Красное-на-Волге', 'Krasnoe-na-Volge'),
(999, 29, 'Макарьев', 'Makarev'),
(1000, 29, 'Мантурово', 'Manturovo'),
(1001, 29, 'Нерехта', 'Nerekhta'),
(1002, 29, 'Нея', 'Neya'),
(1003, 29, 'Островское', 'Ostrovskoe'),
(1004, 29, 'Павино', 'Pavino'),
(1005, 29, 'Парфентьево', 'Parfentevo'),
(1006, 29, 'Поназырево', 'Ponazyrevo'),
(1007, 29, 'Солигалич', 'Soligalich'),
(1008, 29, 'Судиславль', 'Sudislavl'),
(1009, 29, 'Сусанино', 'Susanino'),
(1010, 29, 'Чухлома', 'CHukhloma'),
(1011, 29, 'Шарья', 'SHarya'),
(1012, 29, 'Шемятино', 'SHemyatino'),
(1013, 30, 'Абинск', 'Abinsk'),
(1014, 30, 'Абрау-Дюрсо', 'Abrau-Dyurso'),
(1015, 30, 'Адлер', 'Adler'),
(1016, 30, 'Анапа', 'Anapa'),
(1017, 30, 'Апшеронск', 'Apsheronsk'),
(1018, 30, 'Армавир', 'Armavir'),
(1019, 30, 'Архипо-Осиповка', 'Arkhipo-Osipovka'),
(1020, 30, 'Афипский', 'Afipskiy'),
(1021, 30, 'Ахтырский', 'Akhtyrskiy'),
(1022, 30, 'Ачуево', 'Achuevo'),
(1023, 30, 'Белая Глина', 'Belaya Glina'),
(1024, 30, 'Белореченск', 'Belorechensk'),
(1025, 30, 'Верхнебаканский', 'Verkhnebakanskiy'),
(1026, 30, 'Выселки', 'Vyselki'),
(1027, 30, 'Геленджик', 'Gelendzhik'),
(1028, 30, 'Гиагинская', 'Giaginskaya'),
(1029, 30, 'Горячий Ключ', 'Goryachiy Klyuch'),
(1030, 30, 'Гулькевичи', 'Gulkevichi'),
(1031, 30, 'Джубга', 'Dzhubga'),
(1032, 30, 'Динская', 'Dinskaya'),
(1033, 30, 'Ейск', 'Eysk'),
(1034, 30, 'Ильский', 'Ilskiy'),
(1035, 30, 'Кабардинка', 'Kabardinka'),
(1036, 30, 'Калинино', 'Kalinino'),
(1037, 30, 'Калининская', 'Kalininskaya'),
(1038, 30, 'Каменномостский', 'Kamennomostskiy'),
(1039, 30, 'Каневская', 'Kanevskaya'),
(1040, 30, 'Кореновск', 'Korenovsk'),
(1041, 30, 'Красноармейская', 'Krasnoarmeyskaya'),
(1042, 30, 'Краснодар', 'Krasnodar'),
(1043, 30, 'Кропоткин', 'Kropotkin'),
(1044, 30, 'Крыловская', 'Krylovskaya'),
(1045, 30, 'Крымск', 'Krymsk'),
(1046, 30, 'Курганинск', 'Kurganinsk'),
(1047, 30, 'Кущевская', 'Kushchevskaya'),
(1048, 30, 'Лабинск', 'Labinsk'),
(1049, 30, 'Лазаревское', 'Lazarevskoe'),
(1050, 30, 'Ленинградская', 'Leningradskaya'),
(1051, 30, 'Майкоп (Краснодарский край)', 'Maykop'),
(1052, 30, 'Мостовской', 'Mostovskoy'),
(1053, 30, 'Новокубанск', 'Novokubansk'),
(1054, 30, 'Новороссийск', 'Novorossiysk'),
(1055, 30, 'Отрадная', 'Otradnaya'),
(1056, 30, 'Павловская', 'Pavlovskaya'),
(1057, 30, 'Приморско-Ахтарск', 'Primorsko-Akhtarsk'),
(1058, 30, 'Северская', 'Severskaya'),
(1059, 30, 'Славянск-на-Кубани', 'Slavyansk-na-Kubani'),
(1060, 30, 'Сочи', 'Sochi'),
(1061, 30, 'Староминская', 'Starominskaya'),
(1062, 30, 'Старощербиновская', 'Staroshcherbinovskaya'),
(1063, 30, 'Тбилисская', 'Tbilisskaya'),
(1064, 30, 'Темрюк', 'Temryuk'),
(1065, 30, 'Тимашевск', 'Timashevsk'),
(1066, 30, 'Тихорецк', 'Tikhoretsk'),
(1067, 30, 'Туапсе', 'Tuapse'),
(1068, 30, 'Тульский', 'Tulskiy'),
(1069, 30, 'Усть-Лабинск', 'Ust-Labinsk'),
(1070, 30, 'Хадыженск', 'KHadyzhensk'),
(1071, 30, 'Хоста', 'KHosta'),
(1072, 30, 'Шовгеновский', 'SHovgenovskiy'),
(1073, 31, 'Абаза', 'Abaza'),
(1074, 31, 'Абакан', 'Abakan'),
(1075, 31, 'Агинское', 'Aginskoe'),
(1076, 31, 'Артемовск', 'Artemovsk'),
(1077, 31, 'Аскиз', 'Askiz'),
(1078, 31, 'Ачинск', 'Achinsk'),
(1079, 31, 'Байкит', 'Baykit'),
(1080, 31, 'Балахта', 'Balakhta'),
(1081, 31, 'Балыкса', 'Balyksa'),
(1082, 31, 'Белый Яр', 'Belyy YAr'),
(1083, 31, 'Бея', 'Beya'),
(1084, 31, 'Бискамжа', 'Biskamzha'),
(1085, 31, 'Боготол', 'Bogotol'),
(1086, 31, 'Боград', 'Bograd'),
(1087, 31, 'Богучаны', 'Boguchany'),
(1088, 31, 'Большая Мурта', 'Bolshaya Murta'),
(1089, 31, 'Большой Улуй', 'Bolshoy Uluy'),
(1090, 31, 'Бородино (Красноярский край)', 'Borodino'),
(1091, 31, 'Ванавара', 'Vanavara'),
(1092, 31, 'Верхнеимбатск', 'Verkhneimbatsk'),
(1093, 31, 'Горячегорск', 'Goryachegorsk'),
(1094, 31, 'Дзержинское', 'Dzerzhinskoe'),
(1095, 31, 'Дивногорск', 'Divnogorsk'),
(1096, 31, 'Диксон', 'Dikson'),
(1097, 31, 'Дудинка', 'Dudinka'),
(1098, 31, 'Емельяново', 'Emelyanovo'),
(1099, 31, 'Енисейск', 'Eniseysk'),
(1100, 31, 'Ермаковское', 'Ermakovskoe'),
(1101, 31, 'Железногорск', 'ZHeleznogorsk'),
(1102, 31, 'Заозерный', 'Zaozernyy'),
(1103, 31, 'Зеленогорск (Красноярский край)', 'Zelenogorsk'),
(1104, 31, 'Игарка', 'Igarka'),
(1105, 31, 'Идринское', 'Idrinskoe'),
(1106, 31, 'Иланский', 'Ilanskiy'),
(1107, 31, 'Ирбейское', 'Irbeyskoe'),
(1108, 31, 'Казачинское  (Красноярский край)', 'Kazachinskoe'),
(1109, 31, 'Канск', 'Kansk'),
(1110, 31, 'Каратузское', 'Karatuzskoe'),
(1111, 31, 'Караул', 'Karaul'),
(1112, 31, 'Кодинск', 'Kodinsk'),
(1113, 31, 'Козулька', 'Kozulka'),
(1114, 31, 'Копьево', 'Kopevo'),
(1115, 31, 'Краснотуранск', 'Krasnoturansk'),
(1116, 31, 'Красноярск', 'Krasnoyarsk'),
(1117, 31, 'Курагино', 'Kuragino'),
(1118, 31, 'Лесосибирск', 'Lesosibirsk'),
(1119, 31, 'Минусинск', 'Minusinsk'),
(1120, 31, 'Мотыгино', 'Motygino'),
(1121, 31, 'Назарово', 'Nazarovo'),
(1122, 31, 'Нижний Ингаш', 'Nizhniy Ingash'),
(1123, 31, 'Новоселово', 'Novoselovo'),
(1124, 31, 'Норильск', 'Norilsk'),
(1125, 31, 'Партизанское', 'Partizanskoe'),
(1126, 31, 'Пировское', 'Pirovskoe'),
(1127, 31, 'Северо-Енисейский', 'Severo-Eniseyskiy'),
(1128, 31, 'Сосновоборск (Красноярский край)', 'Sosnovoborsk'),
(1129, 31, 'Тасеево', 'Taseevo'),
(1130, 31, 'Таштып', 'Tashtyp'),
(1131, 31, 'Тура', 'Tura'),
(1132, 31, 'Туруханск', 'Turukhansk'),
(1133, 31, 'Тюхтет', 'Tyukhtet'),
(1134, 31, 'Ужур', 'Uzhur'),
(1135, 31, 'Уяр', 'Uyar'),
(1136, 31, 'Хатанга', 'KHatanga'),
(1137, 31, 'Черемушки', 'CHeremushki'),
(1138, 31, 'Черногорск', 'CHernogorsk'),
(1139, 31, 'Шалинское', 'SHalinskoe'),
(1140, 31, 'Шарыпово  (Красноярский край)', 'SHarypovo'),
(1141, 31, 'Шира', 'SHira'),
(1142, 31, 'Шушенское', 'SHushenskoe'),
(1143, 32, 'Варгаши', 'Vargashi'),
(1144, 32, 'Глядянское', 'Glyadyanskoe'),
(1145, 32, 'Далматово', 'Dalmatovo'),
(1146, 32, 'Каргаполье', 'Kargapole'),
(1147, 32, 'Катайск', 'Kataysk'),
(1148, 32, 'Кетово', 'Ketovo'),
(1149, 32, 'Курган', 'Kurgan'),
(1150, 32, 'Куртамыш', 'Kurtamysh'),
(1151, 32, 'Лебяжье', 'Lebyazhe'),
(1152, 32, 'Макушино', 'Makushino'),
(1153, 32, 'Мишкино', 'Mishkino'),
(1154, 32, 'Мокроусово', 'Mokrousovo'),
(1155, 32, 'Петухово', 'Petukhovo'),
(1156, 32, 'Половинное', 'Polovinnoe'),
(1157, 32, 'Сафакулево', 'Safakulevo'),
(1158, 32, 'Целинное', 'TSelinnoe'),
(1159, 32, 'Шадринск', 'SHadrinsk'),
(1160, 32, 'Шатрово', 'SHatrovo'),
(1161, 32, 'Шумиха', 'SHumikha'),
(1162, 32, 'Щучье', 'SHCHuche'),
(1163, 32, 'Юргамыш', 'YUrgamysh'),
(1164, 33, 'Альменево', 'Almenevo'),
(1165, 33, 'Белая', 'Belaya'),
(1166, 33, 'Большое Солдатское', 'Bolshoe Soldatskoe'),
(1167, 33, 'Глушково', 'Glushkovo'),
(1168, 33, 'Горшечное', 'Gorshechnoe'),
(1169, 33, 'Дмитриев-Льговский', 'Dmitriev-Lgovskiy'),
(1170, 33, 'Железногорск', 'ZHeleznogorsk'),
(1171, 33, 'Золотухино', 'Zolotukhino'),
(1172, 33, 'Касторное', 'Kastornoe'),
(1173, 33, 'Конышевка', 'Konyshevka'),
(1174, 33, 'Коренево', 'Korenevo'),
(1175, 33, 'Курск', 'Kursk'),
(1176, 33, 'Курчатов', 'Kurchatov'),
(1177, 33, 'Кшенский', 'Kshenskiy'),
(1178, 33, 'Льгов', 'Lgov'),
(1179, 33, 'Мантурово', 'Manturovo'),
(1180, 33, 'Медвенка', 'Medvenka'),
(1181, 33, 'Обоянь', 'Oboyan'),
(1182, 33, 'Поныри', 'Ponyri'),
(1183, 33, 'Пристень', 'Pristen'),
(1184, 33, 'Прямицыно', 'Pryamitsyno'),
(1185, 33, 'Рыльск', 'Rylsk'),
(1186, 33, 'Суджа', 'Sudzha'),
(1187, 33, 'Тим', 'Tim'),
(1188, 33, 'Фатеж', 'Fatezh'),
(1189, 33, 'Хомутовка', 'KHomutovka'),
(1190, 33, 'Черемисиново', 'CHeremisinovo'),
(1191, 33, 'Щигры', 'SHCHigry'),
(1192, 34, 'Грязи', 'Gryazi'),
(1193, 34, 'Данков', 'Dankov'),
(1194, 34, 'Доброе', 'Dobroe'),
(1195, 34, 'Долгоруково', 'Dolgorukovo'),
(1196, 34, 'Елец', 'Elets'),
(1197, 34, 'Задонск', 'Zadonsk'),
(1198, 34, 'Измалково', 'Izmalkovo'),
(1199, 34, 'Казинка', 'Kazinka'),
(1200, 34, 'Лебедянь', 'Lebedyan'),
(1201, 34, 'Лев Толстой', 'Lev Tolstoy'),
(1202, 34, 'Липецк', 'Lipetsk'),
(1203, 34, 'Тербуны', 'Terbuny'),
(1204, 34, 'Усмань', 'Usman'),
(1205, 34, 'Хлевное', 'KHlevnoe'),
(1206, 34, 'Чаплыгин', 'CHaplygin'),
(1207, 35, 'Анадырь (Магаданская обл.)', 'Anadyr'),
(1208, 35, 'Атка', 'Atka'),
(1209, 35, 'Беринговский', 'Beringovskiy'),
(1210, 35, 'Билибино', 'Bilibino'),
(1211, 35, 'Большевик', 'Bolshevik'),
(1212, 35, 'Ванкарем', 'Vankarem'),
(1213, 35, 'Кадыкчан', 'Kadykchan'),
(1214, 35, 'Лаврентия', 'Lavrentiya'),
(1215, 35, 'Магадан', 'Magadan'),
(1216, 35, 'Мыс Шмидта', 'Mys SHmidta'),
(1217, 35, 'Ола', 'Ola'),
(1218, 35, 'Омсукчан', 'Omsukchan'),
(1219, 35, 'Палатка', 'Palatka'),
(1220, 35, 'Певек', 'Pevek'),
(1221, 35, 'Провидения', 'Provideniya'),
(1222, 35, 'Сеймчан', 'Seymchan'),
(1223, 35, 'Синегорье', 'Sinegore'),
(1224, 35, 'Сусуман', 'Susuman'),
(1225, 35, 'Усть-Омчуг', 'Ust-Omchug'),
(1226, 35, 'Эвенск', 'Evensk'),
(1227, 35, 'Эгвекинот', 'Egvekinot'),
(1228, 35, 'Ягодное', 'YAgodnoe'),
(1229, 36, 'Волжск', 'Volzhsk'),
(1230, 36, 'Дубовский', 'Dubovskiy'),
(1231, 36, 'Звенигово', 'Zvenigovo'),
(1232, 36, 'Йошкар-Ола', 'Yoshkar-Ola'),
(1233, 36, 'Килемары', 'Kilemary'),
(1234, 36, 'Козьмодемьянск', 'Kozmodemyansk'),
(1235, 36, 'Куженер', 'Kuzhener'),
(1236, 36, 'Мари-Турек', 'Mari-Turek'),
(1237, 36, 'Медведево', 'Medvedevo'),
(1238, 36, 'Морки', 'Morki'),
(1239, 36, 'Новый Торьял', 'Novyy Toryal'),
(1240, 36, 'Оршанка', 'Orshanka'),
(1241, 36, 'Параньга', 'Paranga'),
(1242, 36, 'Сернур', 'Sernur'),
(1243, 36, 'Советский (Марий Эл)', 'Sovetskiy'),
(1244, 36, 'Юрино', 'YUrino'),
(1245, 37, 'Ардатов', 'Ardatov'),
(1246, 37, 'Атюрьево', 'Atyurevo'),
(1247, 37, 'Атяшево', 'Atyashevo'),
(1248, 37, 'Большие Березники', 'Bolshie Berezniki'),
(1249, 37, 'Большое Игнатово', 'Bolshoe Ignatovo'),
(1250, 37, 'Выша', 'Vysha'),
(1251, 37, 'Ельники', 'Elniki'),
(1252, 37, 'Зубова Поляна', 'Zubova Polyana'),
(1253, 37, 'Инсар', 'Insar'),
(1254, 37, 'Кадошкино', 'Kadoshkino'),
(1255, 37, 'Кемля', 'Kemlya'),
(1256, 37, 'Ковылкино', 'Kovylkino'),
(1257, 37, 'Комсомольский (Мордовия)', 'Komsomolskiy'),
(1258, 37, 'Кочкурово', 'Kochkurovo'),
(1259, 37, 'Краснослободск', 'Krasnoslobodsk'),
(1260, 37, 'Лямбирь', 'Lyambir'),
(1261, 37, 'Ромоданово', 'Romodanovo'),
(1262, 37, 'Рузаевка', 'Ruzaevka'),
(1263, 37, 'Саранск', 'Saransk'),
(1264, 37, 'Старое Шайгово', 'Staroe SHaygovo'),
(1265, 37, 'Темников', 'Temnikov'),
(1266, 37, 'Теньгушево', 'Tengushevo'),
(1267, 37, 'Торбеево', 'Torbeevo'),
(1268, 37, 'Чамзинка', 'CHamzinka'),
(1269, 38, 'Апатиты', 'Apatity'),
(1270, 38, 'Африканда', 'Afrikanda'),
(1271, 38, 'Верхнетуломский', 'Verkhnetulomskiy'),
(1272, 38, 'Видяево', 'Vidyaevo'),
(1273, 38, 'Гаджиево', 'Gadzhievo'),
(1274, 38, 'Заозерск', 'Zaozersk'),
(1275, 38, 'Заполярный', 'Zapolyarnyy'),
(1276, 38, 'Зареченск', 'Zarechensk'),
(1277, 38, 'Зашеек', 'Zasheek'),
(1278, 38, 'Зеленоборский', 'Zelenoborskiy'),
(1279, 38, 'Кандалакша', 'Kandalaksha'),
(1280, 38, 'Кильдинстрой', 'Kildinstroy'),
(1281, 38, 'Кировск', 'Kirovsk'),
(1282, 38, 'Ковдор', 'Kovdor'),
(1283, 38, 'Кола', 'Kola'),
(1284, 38, 'Конда', 'Konda'),
(1285, 38, 'Ловозеро', 'Lovozero'),
(1286, 38, 'Мончегорск', 'Monchegorsk'),
(1287, 38, 'Мурманск', 'Murmansk'),
(1288, 38, 'Мурмаши', 'Murmashi'),
(1289, 38, 'Никель', 'Nikel'),
(1290, 38, 'Оленегорск', 'Olenegorsk'),
(1291, 38, 'Полярные Зори', 'Polyarnye Zori'),
(1292, 38, 'Полярный', 'Polyarnyy'),
(1293, 38, 'Ревда (Мурманская обл.)', 'Revda'),
(1294, 38, 'Североморск', 'Severomorsk'),
(1295, 38, 'Снежногорск', 'Snezhnogorsk'),
(1296, 38, 'Умба', 'Umba'),
(1297, 39, 'Ардатов', 'Ardatov'),
(1298, 39, 'Арзамас', 'Arzamas'),
(1299, 39, 'Арья', 'Arya'),
(1300, 39, 'Балахна', 'Balakhna'),
(1301, 39, 'Богородск', 'Bogorodsk'),
(1302, 39, 'Большереченск', 'Bolsherechensk'),
(1303, 39, 'Большое Болдино', 'Bolshoe Boldino'),
(1304, 39, 'Большое Козино', 'Bolshoe Kozino'),
(1305, 39, 'Большое Мурашкино', 'Bolshoe Murashkino'),
(1306, 39, 'Большое Пикино', 'Bolshoe Pikino'),
(1307, 39, 'Бор', 'Bor'),
(1308, 39, 'Бутурлино', 'Buturlino'),
(1309, 39, 'Вад', 'Vad'),
(1310, 39, 'Варнавино', 'Varnavino'),
(1311, 39, 'Васильсурск', 'Vasilsursk'),
(1312, 39, 'Вахтан', 'Vakhtan'),
(1313, 39, 'Вача', 'Vacha'),
(1314, 39, 'Ветлуга', 'Vetluga'),
(1315, 39, 'Виля', 'Vilya'),
(1316, 39, 'Вознесенское', 'Voznesenskoe'),
(1317, 39, 'Володарск', 'Volodarsk'),
(1318, 39, 'Воротынец', 'Vorotynets'),
(1319, 39, 'Ворсма', 'Vorsma'),
(1320, 39, 'Воскресенское', 'Voskresenskoe'),
(1321, 39, 'Выездное', 'Vyezdnoe'),
(1322, 39, 'Выкса', 'Vyksa'),
(1323, 39, 'Гагино', 'Gagino'),
(1324, 39, 'Гидроторф', 'Gidrotorf'),
(1325, 39, 'Горбатов', 'Gorbatov'),
(1326, 39, 'Горбатовка', 'Gorbatovka'),
(1327, 39, 'Городец', 'Gorodets'),
(1328, 39, 'Дальнее Константиново', 'Dalnee Konstantinovo'),
(1329, 39, 'Дзержинск', 'Dzerzhinsk'),
(1330, 39, 'Дивеево', 'Diveevo'),
(1331, 39, 'Досчатое', 'Doschatoe'),
(1332, 39, 'Заволжье', 'Zavolzhe'),
(1333, 39, 'Керженец', 'Kerzhenets'),
(1334, 39, 'Княгинино', 'Knyaginino'),
(1335, 39, 'Ковернино', 'Kovernino'),
(1336, 39, 'Красные Баки', 'Krasnye Baki'),
(1337, 39, 'Кстово', 'Kstovo'),
(1338, 39, 'Кулебаки', 'Kulebaki'),
(1339, 39, 'Лукоянов', 'Lukoyanov'),
(1340, 39, 'Лысково', 'Lyskovo'),
(1341, 39, 'Навашино', 'Navashino'),
(1342, 39, 'Нижний Новгород', 'Nizhniy Novgorod'),
(1343, 39, 'Новосмолинский', 'Novosmolinskiy'),
(1344, 39, 'Павлово', 'Pavlovo'),
(1345, 39, 'Первомайск', 'Pervomaysk'),
(1346, 39, 'Перевоз', 'Perevoz'),
(1347, 39, 'Пильна', 'Pilna'),
(1348, 39, 'Починки', 'Pochinki'),
(1349, 39, 'Саров (Нижегородская обл.)', 'Sarov'),
(1350, 39, 'Семенов', 'Semenov'),
(1351, 39, 'Сергач', 'Sergach'),
(1352, 39, 'Сеченово', 'Sechenovo'),
(1353, 39, 'Сосновское', 'Sosnovskoe'),
(1354, 39, 'Спасское', 'Spasskoe'),
(1355, 39, 'Тонкино', 'Tonkino'),
(1356, 39, 'Тоншаево', 'Tonshaevo'),
(1357, 39, 'Уразовка', 'Urazovka'),
(1358, 39, 'Урень', 'Uren'),
(1359, 39, 'Чкаловск', 'CHkalovsk'),
(1360, 39, 'Шаранга', 'SHaranga'),
(1361, 39, 'Шатки', 'SHatki'),
(1362, 39, 'Шахунья', 'SHakhunya'),
(1363, 40, 'Анциферово', 'Antsiferovo'),
(1364, 40, 'Батецкий', 'Batetskiy'),
(1365, 40, 'Большая Вишера', 'Bolshaya Vishera'),
(1366, 40, 'Боровичи', 'Borovichi'),
(1367, 40, 'Валдай', 'Valday'),
(1368, 40, 'Великий Новгород (Новгород)', 'Velikiy Novgorod'),
(1369, 40, 'Волот', 'Volot'),
(1370, 40, 'Деманск', 'Demansk'),
(1371, 40, 'Зарубино', 'Zarubino'),
(1372, 40, 'Крестцы', 'Kresttsy'),
(1373, 40, 'Любытино', 'Lyubytino'),
(1374, 40, 'Малая Вишера', 'Malaya Vishera'),
(1375, 40, 'Марево', 'Marevo'),
(1376, 40, 'Мошенское', 'Moshenskoe'),
(1377, 40, 'Окуловка', 'Okulovka'),
(1378, 40, 'Парфино', 'Parfino'),
(1379, 40, 'Пестово', 'Pestovo'),
(1380, 40, 'Поддорье', 'Poddore'),
(1381, 40, 'Сольцы', 'Soltsy'),
(1382, 40, 'Старая Русса', 'Staraya Russa'),
(1383, 40, 'Хвойная', 'KHvoynaya'),
(1384, 40, 'Холм', 'KHolm'),
(1385, 40, 'Чудово', 'CHudovo'),
(1386, 40, 'Шимск', 'SHimsk'),
(1387, 41, 'Баган', 'Bagan'),
(1388, 41, 'Барабинск', 'Barabinsk'),
(1389, 41, 'Бердск', 'Berdsk'),
(1390, 41, 'Биаза', 'Biaza'),
(1391, 41, 'Болотное', 'Bolotnoe'),
(1392, 41, 'Венгерово', 'Vengerovo'),
(1393, 41, 'Довольное', 'Dovolnoe'),
(1394, 41, 'Завьялово', 'Zavyalovo'),
(1395, 41, 'Искитим', 'Iskitim'),
(1396, 41, 'Карасук', 'Karasuk'),
(1397, 41, 'Каргат', 'Kargat'),
(1398, 41, 'Колывань', 'Kolyvan'),
(1399, 41, 'Краснозерское', 'Krasnozerskoe'),
(1400, 41, 'Крутиха', 'Krutikha'),
(1401, 41, 'Куйбышев (Новосибирская обл.)', 'Kuybyshev'),
(1402, 41, 'Купино', 'Kupino'),
(1403, 41, 'Кыштовка', 'Kyshtovka'),
(1404, 41, 'Маслянино', 'Maslyanino'),
(1405, 41, 'Мошково', 'Moshkovo'),
(1406, 41, 'Новосибирск', 'Novosibirsk'),
(1407, 41, 'Норильск', 'Norilsk'),
(1408, 41, 'Обь', 'Ob'),
(1409, 41, 'Ордынское', 'Ordynskoe'),
(1410, 41, 'Северное', 'Severnoe'),
(1411, 41, 'Сузун', 'Suzun'),
(1412, 41, 'Татарск', 'Tatarsk'),
(1413, 41, 'Тогучин', 'Toguchin'),
(1414, 41, 'Убинское', 'Ubinskoe');
INSERT INTO `city` (`id`, `country_id`, `name`, `ascii_name`) VALUES
(1415, 41, 'Усть-Тарка', 'Ust-Tarka'),
(1416, 41, 'Чаны', 'CHany'),
(1417, 41, 'Черепаново', 'CHerepanovo'),
(1418, 41, 'Чистоозерное', 'CHistoozernoe'),
(1419, 41, 'Чулым', 'CHulym'),
(1420, 42, 'Береговой', 'Beregovoy'),
(1421, 42, 'Большеречье', 'Bolshereche'),
(1422, 42, 'Большие Уки', 'Bolshie Uki'),
(1423, 42, 'Горьковское', 'Gorkovskoe'),
(1424, 42, 'Знаменское (Омская обл.)', 'Znamenskoe'),
(1425, 42, 'Исилькуль', 'Isilkul'),
(1426, 42, 'Калачинск', 'Kalachinsk'),
(1427, 42, 'Колосовка', 'Kolosovka'),
(1428, 42, 'Кормиловка', 'Kormilovka'),
(1429, 42, 'Крутинка', 'Krutinka'),
(1430, 42, 'Любинский', 'Lyubinskiy'),
(1431, 42, 'Марьяновка', 'Maryanovka'),
(1432, 42, 'Муромцево', 'Muromtsevo'),
(1433, 42, 'Называевск', 'Nazyvaevsk'),
(1434, 42, 'Нижняя Омка', 'Nizhnyaya Omka'),
(1435, 42, 'Нововаршавка', 'Novovarshavka'),
(1436, 42, 'Одесское', 'Odesskoe'),
(1437, 42, 'Оконешниково', 'Okoneshnikovo'),
(1438, 42, 'Омск', 'Omsk'),
(1439, 42, 'Павлоградка', 'Pavlogradka'),
(1440, 42, 'Полтавка', 'Poltavka'),
(1441, 42, 'Русская Поляна', 'Russkaya Polyana'),
(1442, 42, 'Саргатское', 'Sargatskoe'),
(1443, 42, 'Седельниково', 'Sedelnikovo'),
(1444, 42, 'Таврическое', 'Tavricheskoe'),
(1445, 42, 'Тара', 'Tara'),
(1446, 42, 'Тевриз', 'Tevriz'),
(1447, 42, 'Тюкалинск', 'Tyukalinsk'),
(1448, 42, 'Усть-Ишим', 'Ust-Ishim'),
(1449, 42, 'Черлак', 'CHerlak'),
(1450, 42, 'Шербакуль', 'SHerbakul'),
(1451, 43, 'Абдулино', 'Abdulino'),
(1452, 43, 'Адамовка', 'Adamovka'),
(1453, 43, 'Айдырлинский', 'Aydyrlinskiy'),
(1454, 43, 'Акбулак', 'Akbulak'),
(1455, 43, 'Аккермановка', 'Akkermanovka'),
(1456, 43, 'Асекеево', 'Asekeevo'),
(1457, 43, 'Беляевка', 'Belyaevka'),
(1458, 43, 'Бугуруслан', 'Buguruslan'),
(1459, 43, 'Бузулук', 'Buzuluk'),
(1460, 43, 'Гай', 'Gay'),
(1461, 43, 'Грачевка', 'Grachevka'),
(1462, 43, 'Домбаровский', 'Dombarovskiy'),
(1463, 43, 'Дубенский', 'Dubenskiy'),
(1464, 43, 'Илек', 'Ilek'),
(1465, 43, 'Ириклинский', 'Iriklinskiy'),
(1466, 43, 'Кувандык', 'Kuvandyk'),
(1467, 43, 'Курманаевка', 'Kurmanaevka'),
(1468, 43, 'Матвеевка', 'Matveevka'),
(1469, 43, 'Медногорск', 'Mednogorsk'),
(1470, 43, 'Новоорск', 'Novoorsk'),
(1471, 43, 'Новосергиевка', 'Novosergievka'),
(1472, 43, 'Новотроицк', 'Novotroitsk'),
(1473, 43, 'Октябрьское (Оренбург.)', 'Oktyabrskoe'),
(1474, 43, 'Оренбург', 'Orenburg'),
(1475, 43, 'Орск', 'Orsk'),
(1476, 43, 'Первомайский (Оренбург.)', 'Pervomayskiy'),
(1477, 43, 'Переволоцкий', 'Perevolotskiy'),
(1478, 43, 'Пономаревка', 'Ponomarevka'),
(1479, 43, 'Саракташ', 'Saraktash'),
(1480, 43, 'Светлый (Оренбургская обл.)', 'Svetlyy'),
(1481, 43, 'Северное', 'Severnoe'),
(1482, 43, 'Соль-Илецк', 'Sol-Iletsk'),
(1483, 43, 'Сорочинск', 'Sorochinsk'),
(1484, 43, 'Ташла', 'Tashla'),
(1485, 43, 'Тоцкое', 'Totskoe'),
(1486, 43, 'Тюльган', 'Tyulgan'),
(1487, 43, 'Шарлык', 'SHarlyk'),
(1488, 43, 'Энергетик', 'Energetik'),
(1489, 43, 'Ясный', 'YAsnyy'),
(1490, 44, 'Болхов', 'Bolkhov'),
(1491, 44, 'Верховье', 'Verkhove'),
(1492, 44, 'Глазуновка', 'Glazunovka'),
(1493, 44, 'Дмитровск-Орловский', 'Dmitrovsk-Orlovskiy'),
(1494, 44, 'Долгое', 'Dolgoe'),
(1495, 44, 'Залегощь', 'Zalegoshch'),
(1496, 44, 'Змиевка', 'Zmievka'),
(1497, 44, 'Знаменское (Орловская обл.)', 'Znamenskoe'),
(1498, 44, 'Колпны', 'Kolpny'),
(1499, 44, 'Красная Заря', 'Krasnaya Zarya'),
(1500, 44, 'Кромы', 'Kromy'),
(1501, 44, 'Ливны', 'Livny'),
(1502, 44, 'Малоархангельск', 'Maloarkhangelsk'),
(1503, 44, 'Мценск', 'Mtsensk'),
(1504, 44, 'Нарышкино', 'Naryshkino'),
(1505, 44, 'Новосиль', 'Novosil'),
(1506, 44, 'Орел', 'Orel'),
(1507, 44, 'Покровское', 'Pokrovskoe'),
(1508, 44, 'Сосково', 'Soskovo'),
(1509, 44, 'Тросна', 'Trosna'),
(1510, 44, 'Хомутово', 'KHomutovo'),
(1511, 44, 'Хотынец', 'KHotynets'),
(1512, 44, 'Шаблыкино', 'SHablykino'),
(1513, 45, 'Башмаково', 'Bashmakovo'),
(1514, 45, 'Беднодемьяновск', 'Bednodemyanovsk'),
(1515, 45, 'Беково', 'Bekovo'),
(1516, 45, 'Белинский', 'Belinskiy'),
(1517, 45, 'Бессоновка', 'Bessonovka'),
(1518, 45, 'Вадинск', 'Vadinsk'),
(1519, 45, 'Верхозим', 'Verkhozim'),
(1520, 45, 'Городище (Пензенская обл.)', 'Gorodishche'),
(1521, 45, 'Евлашево', 'Evlashevo'),
(1522, 45, 'Заречный (Пензенская обл.)', 'Zarechnyy'),
(1523, 45, 'Земетчино', 'Zemetchino'),
(1524, 45, 'Золотаревка', 'Zolotarevka'),
(1525, 45, 'Исса', 'Issa'),
(1526, 45, 'Каменка', 'Kamenka'),
(1527, 45, 'Колышлей', 'Kolyshley'),
(1528, 45, 'Кондоль', 'Kondol'),
(1529, 45, 'Кузнецк', 'Kuznetsk'),
(1530, 45, 'Лопатино', 'Lopatino'),
(1531, 45, 'Малая Сердоба', 'Malaya Serdoba'),
(1532, 45, 'Мокшан', 'Mokshan'),
(1533, 45, 'Наровчат', 'Narovchat'),
(1534, 45, 'Неверкино', 'Neverkino'),
(1535, 45, 'Нижний Ломов', 'Nizhniy Lomov'),
(1536, 45, 'Никольск (Пензенская обл.)', 'Nikolsk'),
(1537, 45, 'Пачелма', 'Pachelma'),
(1538, 45, 'Пенза', 'Penza'),
(1539, 45, 'Русский Камешкир', 'Russkiy Kameshkir'),
(1540, 45, 'Сердобск', 'Serdobsk'),
(1541, 45, 'Сосновоборск', 'Sosnovoborsk'),
(1542, 45, 'Сура', 'Sura'),
(1543, 45, 'Тамала', 'Tamala'),
(1544, 45, 'Шемышейка', 'SHemysheyka'),
(1545, 46, 'Александровск', 'Aleksandrovsk'),
(1546, 46, 'Барда', 'Barda'),
(1547, 46, 'Березники', 'Berezniki'),
(1548, 46, 'Большая Соснова', 'Bolshaya Sosnova'),
(1549, 46, 'Верещагино', 'Vereshchagino'),
(1550, 46, 'Гайны', 'Gayny'),
(1551, 46, 'Горнозаводск (Пермский край)', 'Gornozavodsk'),
(1552, 46, 'Гремячинск', 'Gremyachinsk'),
(1553, 46, 'Губаха', 'Gubakha'),
(1554, 46, 'Добрянка', 'Dobryanka'),
(1555, 46, 'Елово', 'Elovo'),
(1556, 46, 'Зюкайка', 'Zyukayka'),
(1557, 46, 'Ильинский (Пермская обл.)', 'Ilinskiy'),
(1558, 46, 'Карагай', 'Karagay'),
(1559, 46, 'Керчевский', 'Kerchevskiy'),
(1560, 46, 'Кизел', 'Kizel'),
(1561, 46, 'Коса', 'Kosa'),
(1562, 46, 'Кочево', 'Kochevo'),
(1563, 46, 'Красновишерск', 'Krasnovishersk'),
(1564, 46, 'Краснокамск', 'Krasnokamsk'),
(1565, 46, 'Кудымкар', 'Kudymkar'),
(1566, 46, 'Куеда', 'Kueda'),
(1567, 46, 'Кунгур', 'Kungur'),
(1568, 46, 'Лысьва', 'Lysva'),
(1569, 46, 'Ныроб', 'Nyrob'),
(1570, 46, 'Нытва', 'Nytva'),
(1571, 46, 'Октябрьский', 'Oktyabrskiy'),
(1572, 46, 'Орда', 'Orda'),
(1573, 46, 'Оса', 'Osa'),
(1574, 46, 'Оханск', 'Okhansk'),
(1575, 46, 'Очер', 'Ocher'),
(1576, 46, 'Пермь', 'Perm'),
(1577, 46, 'Соликамск', 'Solikamsk'),
(1578, 46, 'Суксун', 'Suksun'),
(1579, 46, 'Уинское', 'Uinskoe'),
(1580, 46, 'Усолье', 'Usole'),
(1581, 46, 'Усть-Кишерть', 'Ust-Kishert'),
(1582, 46, 'Чайковский', 'CHaykovskiy'),
(1583, 46, 'Частые', 'CHastye'),
(1584, 46, 'Чердынь', 'CHerdyn'),
(1585, 46, 'Чернореченский', 'CHernorechenskiy'),
(1586, 46, 'Чернушка', 'CHernushka'),
(1587, 46, 'Чусовой', 'CHusovoy'),
(1588, 46, 'Юрла', 'YUrla'),
(1589, 46, 'Юсьва', 'YUsva'),
(1590, 47, 'Анучино', 'Anuchino'),
(1591, 47, 'Арсеньев', 'Arsenev'),
(1592, 47, 'Артем', 'Artem'),
(1593, 47, 'Артемовский (Приморский край)', 'Artemovskiy'),
(1594, 47, 'Большой Камень', 'Bolshoy Kamen'),
(1595, 47, 'Валентин', 'Valentin'),
(1596, 47, 'Владивосток', 'Vladivostok'),
(1597, 47, 'Высокогорск', 'Vysokogorsk'),
(1598, 47, 'Горные Ключи', 'Gornye Klyuchi'),
(1599, 47, 'Горный', 'Gornyy'),
(1600, 47, 'Дальнегорск', 'Dalnegorsk'),
(1601, 47, 'Дальнереченск', 'Dalnerechensk'),
(1602, 47, 'Зарубино', 'Zarubino'),
(1603, 47, 'Кавалерово', 'Kavalerovo'),
(1604, 47, 'Каменка (Приморский край)', 'Kamenka'),
(1605, 47, 'Камень-Рыболов', 'Kamen-Rybolov'),
(1606, 47, 'Кировский', 'Kirovskiy'),
(1607, 47, 'Лазо', 'Lazo'),
(1608, 47, 'Лесозаводск', 'Lesozavodsk'),
(1609, 47, 'Лучегорск', 'Luchegorsk'),
(1610, 47, 'Михайловка (Приморский край)', 'Mikhaylovka'),
(1611, 47, 'Находка (Приморский край)', 'Nakhodka'),
(1612, 47, 'Новопокровка', 'Novopokrovka'),
(1613, 47, 'Ольга', 'Olga'),
(1614, 47, 'Партизанск', 'Partizansk'),
(1615, 47, 'Пластун', 'Plastun'),
(1616, 47, 'Пограничный', 'Pogranichnyy'),
(1617, 47, 'Покровка', 'Pokrovka'),
(1618, 47, 'Посьет', 'Poset'),
(1619, 47, 'Русский', 'Russkiy'),
(1620, 47, 'Славянка', 'Slavyanka'),
(1621, 47, 'Спасск-Дальний', 'Spassk-Dalniy'),
(1622, 47, 'Терней', 'Terney'),
(1623, 47, 'Уссурийск', 'Ussuriysk'),
(1624, 47, 'Фокино', 'Fokino'),
(1625, 47, 'Хасан', 'KHasan'),
(1626, 47, 'Хороль', 'KHorol'),
(1627, 47, 'Черниговка', 'CHernigovka'),
(1628, 47, 'Чугуевка', 'CHuguevka'),
(1629, 47, 'Яковлевка', 'YAkovlevka'),
(1630, 47, 'Ярославский', 'YAroslavskiy'),
(1631, 48, 'Бежаницы', 'Bezhanitsy'),
(1632, 48, 'Великие Луки', 'Velikie Luki'),
(1633, 48, 'Гдов', 'Gdov'),
(1634, 48, 'Дедовичи', 'Dedovichi'),
(1635, 48, 'Дно', 'Dno'),
(1636, 48, 'Заплюсье', 'Zaplyuse'),
(1637, 48, 'Идрица', 'Idritsa'),
(1638, 48, 'Красногородское', 'Krasnogorodskoe'),
(1639, 48, 'Кунья', 'Kunya'),
(1640, 48, 'Локня', 'Loknya'),
(1641, 48, 'Невель', 'Nevel'),
(1642, 48, 'Новоржев', 'Novorzhev'),
(1643, 48, 'Новосокольники', 'Novosokolniki'),
(1644, 48, 'Опочка', 'Opochka'),
(1645, 48, 'Остров', 'Ostrov'),
(1646, 48, 'Палкино', 'Palkino'),
(1647, 48, 'Печоры', 'Pechory'),
(1648, 48, 'Плюсса', 'Plyussa'),
(1649, 48, 'Порхов', 'Porkhov'),
(1650, 48, 'Псков', 'Pskov'),
(1651, 48, 'Пустошка', 'Pustoshka'),
(1652, 48, 'Пушкинские Горы', 'Pushkinskie Gory'),
(1653, 48, 'Пыталово', 'Pytalovo'),
(1654, 48, 'Себеж', 'Sebezh'),
(1655, 48, 'Струги-Красные', 'Strugi-Krasnye'),
(1656, 48, 'Усвяты', 'Usvyaty'),
(1657, 49, 'Азов', 'Azov'),
(1658, 49, 'Аксай (Ростовская обл.)', 'Aksay'),
(1659, 49, 'Алмазный', 'Almaznyy'),
(1660, 49, 'Аютинск', 'Ayutinsk'),
(1661, 49, 'Багаевский', 'Bagaevskiy'),
(1662, 49, 'Батайск', 'Bataysk'),
(1663, 49, 'Белая Калитва', 'Belaya Kalitva'),
(1664, 49, 'Боковская', 'Bokovskaya'),
(1665, 49, 'Большая Мартыновка', 'Bolshaya Martynovka'),
(1666, 49, 'Вешенская', 'Veshenskaya'),
(1667, 49, 'Волгодонск', 'Volgodonsk'),
(1668, 49, 'Восход', 'Voskhod'),
(1669, 49, 'Гигант', 'Gigant'),
(1670, 49, 'Горняцкий', 'Gornyatskiy'),
(1671, 49, 'Гуково', 'Gukovo'),
(1672, 49, 'Донецк', 'Donetsk'),
(1673, 49, 'Донской (Ростовская обл.)', 'Donskoy'),
(1674, 49, 'Дубовское', 'Dubovskoe'),
(1675, 49, 'Егорлыкская', 'Egorlykskaya'),
(1676, 49, 'Жирнов', 'ZHirnov'),
(1677, 49, 'Заветное', 'Zavetnoe'),
(1678, 49, 'Заводской', 'Zavodskoy'),
(1679, 49, 'Зверево', 'Zverevo'),
(1680, 49, 'Зерноград', 'Zernograd'),
(1681, 49, 'Зимовники', 'Zimovniki'),
(1682, 49, 'Кагальницкая', 'Kagalnitskaya'),
(1683, 49, 'Казанская', 'Kazanskaya'),
(1684, 49, 'Каменоломни', 'Kamenolomni'),
(1685, 49, 'Каменск-Шахтинский', 'Kamensk-SHakhtinskiy'),
(1686, 49, 'Кашары', 'Kashary'),
(1687, 49, 'Коксовый', 'Koksovyy'),
(1688, 49, 'Константиновск', 'Konstantinovsk'),
(1689, 49, 'Красный Сулин', 'Krasnyy Sulin'),
(1690, 49, 'Куйбышево', 'Kuybyshevo'),
(1691, 49, 'Матвеев Курган', 'Matveev Kurgan'),
(1692, 49, 'Мигулинская', 'Migulinskaya'),
(1693, 49, 'Миллерово', 'Millerovo'),
(1694, 49, 'Милютинская', 'Milyutinskaya'),
(1695, 49, 'Морозовск', 'Morozovsk'),
(1696, 49, 'Новочеркасск', 'Novocherkassk'),
(1697, 49, 'Новошахтинск', 'Novoshakhtinsk'),
(1698, 49, 'Обливская', 'Oblivskaya'),
(1699, 49, 'Орловский', 'Orlovskiy'),
(1700, 49, 'Песчанокопское', 'Peschanokopskoe'),
(1701, 49, 'Покровское', 'Pokrovskoe'),
(1702, 49, 'Пролетарск', 'Proletarsk'),
(1703, 49, 'Ремонтное', 'Remontnoe'),
(1704, 49, 'Родионово-Несветайская', 'Rodionovo-Nesvetayskaya'),
(1705, 49, 'Ростов-на-Дону', 'Rostov-na-Donu'),
(1706, 49, 'Сальск', 'Salsk'),
(1707, 49, 'Семикаракорск', 'Semikarakorsk'),
(1708, 49, 'Таганрог', 'Taganrog'),
(1709, 49, 'Тарасовский', 'Tarasovskiy'),
(1710, 49, 'Тацинский', 'Tatsinskiy'),
(1711, 49, 'Усть-Донецкий', 'Ust-Donetskiy'),
(1712, 49, 'Целина', 'TSelina'),
(1713, 49, 'Цимлянск', 'TSimlyansk'),
(1714, 49, 'Чалтырь', 'CHaltyr'),
(1715, 49, 'Чертково', 'CHertkovo'),
(1716, 49, 'Шахты', 'SHakhty'),
(1717, 49, 'Шолоховский', 'SHolokhovskiy'),
(1718, 50, 'Александро-Невский', 'Aleksandro-Nevskiy'),
(1719, 50, 'Горняк', 'Gornyak'),
(1720, 50, 'Гусь Железный', 'Gus ZHeleznyy'),
(1721, 50, 'Елатьма', 'Elatma'),
(1722, 50, 'Ермишь', 'Ermish'),
(1723, 50, 'Заречный (Рязанская обл.)', 'Zarechnyy'),
(1724, 50, 'Захарово', 'Zakharovo'),
(1725, 50, 'Кадом', 'Kadom'),
(1726, 50, 'Касимов', 'Kasimov'),
(1727, 50, 'Кораблино', 'Korablino'),
(1728, 50, 'Милославское', 'Miloslavskoe'),
(1729, 50, 'Михайлов', 'Mikhaylov'),
(1730, 50, 'Новомичуринск', 'Novomichurinsk'),
(1731, 50, 'Пителино', 'Pitelino'),
(1732, 50, 'Пронск', 'Pronsk'),
(1733, 50, 'Путятино', 'Putyatino'),
(1734, 50, 'Рыбное', 'Rybnoe'),
(1735, 50, 'Ряжск', 'Ryazhsk'),
(1736, 50, 'Рязань', 'Ryazan'),
(1737, 50, 'Сапожок', 'Sapozhok'),
(1738, 50, 'Сараи', 'Sarai'),
(1739, 50, 'Сасово', 'Sasovo'),
(1740, 50, 'Скопин', 'Skopin'),
(1741, 50, 'Спас-Клепики', 'Spas-Klepiki'),
(1742, 50, 'Спасск-Рязанский', 'Spassk-Ryazanskiy'),
(1743, 50, 'Старожилово', 'Starozhilovo'),
(1744, 50, 'Ухолово', 'Ukholovo'),
(1745, 50, 'Чучково', 'CHuchkovo'),
(1746, 50, 'Шацк', 'SHatsk'),
(1747, 50, 'Шилово', 'SHilovo'),
(1748, 51, 'Алексеевка (Самарская обл.)', 'Alekseevka'),
(1749, 51, 'Безенчук', 'Bezenchuk'),
(1750, 51, 'Богатое', 'Bogatoe'),
(1751, 51, 'Богатырь', 'Bogatyr'),
(1752, 51, 'Большая Глушица', 'Bolshaya Glushitsa'),
(1753, 51, 'Большая Глущица (Самарск.)', 'Bolshaya Glushchitsa'),
(1754, 51, 'Большая Черниговка', 'Bolshaya CHernigovka'),
(1755, 51, 'Борское', 'Borskoe'),
(1756, 51, 'Волжский (Самарская обл.)', 'Volzhskiy'),
(1757, 51, 'Жигулевск', 'ZHigulevsk'),
(1758, 51, 'Зольное', 'Zolnoe'),
(1759, 51, 'Исаклы', 'Isakly'),
(1760, 51, 'Камышла', 'Kamyshla'),
(1761, 51, 'Кинель', 'Kinel'),
(1762, 51, 'Кинель-Черкасы', 'Kinel-CHerkasy'),
(1763, 51, 'Клявлино', 'Klyavlino'),
(1764, 51, 'Кошки', 'Koshki'),
(1765, 51, 'Красноармейское (Самарск.)', 'Krasnoarmeyskoe'),
(1766, 51, 'Красный Яр (Самарская обл.)', 'Krasnyy YAr'),
(1767, 51, 'Куйбышев', 'Kuybyshev'),
(1768, 51, 'Нефтегорск', 'Neftegorsk'),
(1769, 51, 'Новокуйбышевск', 'Novokuybyshevsk'),
(1770, 51, 'Октябрьск', 'Oktyabrsk'),
(1771, 51, 'Отрадный', 'Otradnyy'),
(1772, 51, 'Пестравка', 'Pestravka'),
(1773, 51, 'Похвистнево', 'Pokhvistnevo'),
(1774, 51, 'Приволжье', 'Privolzhe'),
(1775, 51, 'Самара', 'Samara'),
(1776, 51, 'Сергиевск', 'Sergievsk'),
(1777, 51, 'Сургут (Самарская обл.)', 'Surgut'),
(1778, 51, 'Сызрань', 'Syzran'),
(1779, 51, 'Тольятти', 'Tolyatti'),
(1780, 51, 'Хворостянка', 'KHvorostyanka'),
(1781, 51, 'Чапаевск', 'CHapaevsk'),
(1782, 51, 'Челно-Вершины', 'CHelno-Vershiny'),
(1783, 51, 'Шентала', 'SHentala'),
(1784, 51, 'Шигоны', 'SHigony'),
(1785, 52, 'Александров Гай', 'Aleksandrov Gay'),
(1786, 52, 'Аркадак', 'Arkadak'),
(1787, 52, 'Аткарск', 'Atkarsk'),
(1788, 52, 'Базарный Карабулак', 'Bazarnyy Karabulak'),
(1789, 52, 'Балаково', 'Balakovo'),
(1790, 52, 'Балашов', 'Balashov'),
(1791, 52, 'Балтай', 'Baltay'),
(1792, 52, 'Возрождение', 'Vozrozhdenie'),
(1793, 52, 'Вольск', 'Volsk'),
(1794, 52, 'Воскресенское (Саратовск.)', 'Voskresenskoe'),
(1795, 52, 'Горный', 'Gornyy'),
(1796, 52, 'Дергачи', 'Dergachi'),
(1797, 52, 'Духовницкое', 'Dukhovnitskoe'),
(1798, 52, 'Екатериновка', 'Ekaterinovka'),
(1799, 52, 'Ершов', 'Ershov'),
(1800, 52, 'Ивантеевка (Саратовская обл.)', 'Ivanteevka'),
(1801, 52, 'Калининск', 'Kalininsk'),
(1802, 52, 'Каменский', 'Kamenskiy'),
(1803, 52, 'Красноармейск (Саратовск.)', 'Krasnoarmeysk'),
(1804, 52, 'Красный Кут', 'Krasnyy Kut'),
(1805, 52, 'Лысые Горы', 'Lysye Gory'),
(1806, 52, 'Маркс', 'Marks'),
(1807, 52, 'Мокроус', 'Mokrous'),
(1808, 52, 'Новоузенск', 'Novouzensk'),
(1809, 52, 'Новые Бурасы', 'Novye Burasy'),
(1810, 52, 'Озинки', 'Ozinki'),
(1811, 52, 'Перелюб', 'Perelyub'),
(1812, 52, 'Петровск', 'Petrovsk'),
(1813, 52, 'Питерка', 'Piterka'),
(1814, 52, 'Пугачев', 'Pugachev'),
(1815, 52, 'Ровное', 'Rovnoe'),
(1816, 52, 'Романовка', 'Romanovka'),
(1817, 52, 'Ртищево', 'Rtishchevo'),
(1818, 52, 'Самойловка', 'Samoylovka'),
(1819, 52, 'Саратов', 'Saratov'),
(1820, 52, 'Степное (Саратовская обл.)', 'Stepnoe'),
(1821, 52, 'Татищево', 'Tatishchevo'),
(1822, 52, 'Турки', 'Turki'),
(1823, 52, 'Хвалынск', 'KHvalynsk'),
(1824, 52, 'Энгельс', 'Engels'),
(1825, 53, 'Абый', 'Abyy'),
(1826, 53, 'Айхал', 'Aykhal'),
(1827, 53, 'Алдан', 'Aldan'),
(1828, 53, 'Амга', 'Amga'),
(1829, 53, 'Батагай', 'Batagay'),
(1830, 53, 'Бердигестях', 'Berdigestyakh'),
(1831, 53, 'Беркакит', 'Berkakit'),
(1832, 53, 'Бестях', 'Bestyakh'),
(1833, 53, 'Борогонцы', 'Borogontsy'),
(1834, 53, 'Верхневилюйск', 'Verkhnevilyuysk'),
(1835, 53, 'Верхоянск', 'Verkhoyansk'),
(1836, 53, 'Вилюйск', 'Vilyuysk'),
(1837, 53, 'Витим', 'Vitim'),
(1838, 53, 'Власово', 'Vlasovo'),
(1839, 53, 'Депутатский', 'Deputatskiy'),
(1840, 53, 'Жиганск', 'ZHigansk'),
(1841, 53, 'Зырянка', 'Zyryanka'),
(1842, 53, 'Кангалассы', 'Kangalassy'),
(1843, 53, 'Ленск', 'Lensk'),
(1844, 53, 'Майя', 'Mayya'),
(1845, 53, 'Мирный (Саха)', 'Mirnyy'),
(1846, 53, 'Нерюнгри', 'Neryungri'),
(1847, 53, 'Нижний Куранах', 'Nizhniy Kuranakh'),
(1848, 53, 'Нюрба', 'Nyurba'),
(1849, 53, 'Олекминск', 'Olekminsk'),
(1850, 53, 'Покровск', 'Pokrovsk'),
(1851, 53, 'Сангар', 'Sangar'),
(1852, 53, 'Саскылах', 'Saskylakh'),
(1853, 53, 'Солнечный', 'Solnechnyy'),
(1854, 53, 'Среднеколымск', 'Srednekolymsk'),
(1855, 53, 'Сунтар', 'Suntar'),
(1856, 53, 'Тикси', 'Tiksi'),
(1857, 53, 'Удачный', 'Udachnyy'),
(1858, 53, 'Усть-Мая', 'Ust-Maya'),
(1859, 53, 'Усть-Нера', 'Ust-Nera'),
(1860, 53, 'Хандыга', 'KHandyga'),
(1861, 53, 'Хонуу', 'KHonuu'),
(1862, 53, 'Чернышевский', 'CHernyshevskiy'),
(1863, 53, 'Черский', 'CHerskiy'),
(1864, 53, 'Чокурдах', 'CHokurdakh'),
(1865, 53, 'Чульман', 'CHulman'),
(1866, 53, 'Чурапча', 'CHurapcha'),
(1867, 53, 'Якутск', 'YAkutsk'),
(1868, 54, 'Александровск-Сахалинский', 'Aleksandrovsk-Sakhalinskiy'),
(1869, 54, 'Анбэцу', 'Anbetsu'),
(1870, 54, 'Анива', 'Aniva'),
(1871, 54, 'Бошняково', 'Boshnyakovo'),
(1872, 54, 'Быков', 'Bykov'),
(1873, 54, 'Вахрушев', 'Vakhrushev'),
(1874, 54, 'Взморье', 'Vzmore'),
(1875, 54, 'Гастелло', 'Gastello'),
(1876, 54, 'Горнозаводск (Сахалин)', 'Gornozavodsk'),
(1877, 54, 'Долинск', 'Dolinsk'),
(1878, 54, 'Ильинский (Сахалин)', 'Ilinskiy'),
(1879, 54, 'Катангли', 'Katangli'),
(1880, 54, 'Корсаков', 'Korsakov'),
(1881, 54, 'Курильск', 'Kurilsk'),
(1882, 54, 'Макаров', 'Makarov'),
(1883, 54, 'Невельск', 'Nevelsk'),
(1884, 54, 'Ноглики', 'Nogliki'),
(1885, 54, 'Оха', 'Okha'),
(1886, 54, 'Поронайск', 'Poronaysk'),
(1887, 54, 'Северо-Курильск', 'Severo-Kurilsk'),
(1888, 54, 'Смирных', 'Smirnykh'),
(1889, 54, 'Томари', 'Tomari'),
(1890, 54, 'Тымовское', 'Tymovskoe'),
(1891, 54, 'Углегорск', 'Uglegorsk'),
(1892, 54, 'Холмск', 'KHolmsk'),
(1893, 54, 'Шахтерск', 'SHakhtersk'),
(1894, 54, 'Южно-Курильск', 'YUzhno-Kurilsk'),
(1895, 54, 'Южно-Сахалинск', 'YUzhno-Sakhalinsk'),
(1896, 55, 'Алапаевск', 'Alapaevsk'),
(1897, 55, 'Алтынай', 'Altynay'),
(1898, 55, 'Арамиль', 'Aramil'),
(1899, 55, 'Артемовский (Свердловская обл.)', 'Artemovskiy'),
(1900, 55, 'Арти', 'Arti'),
(1901, 55, 'Асбест', 'Asbest'),
(1902, 55, 'Ачит', 'Achit'),
(1903, 55, 'Байкалово', 'Baykalovo'),
(1904, 55, 'Басьяновский', 'Basyanovskiy'),
(1905, 55, 'Белоярский (Свердловская обл.)', 'Beloyarskiy'),
(1906, 55, 'Березовский (Свердловская обл.)', 'Berezovskiy'),
(1907, 55, 'Бисерть', 'Bisert'),
(1908, 55, 'Богданович', 'Bogdanovich'),
(1909, 55, 'Буланаш', 'Bulanash'),
(1910, 55, 'Верхний Тагил', 'Verkhniy Tagil'),
(1911, 55, 'Верхняя Пышма', 'Verkhnyaya Pyshma'),
(1912, 55, 'Верхняя Салда', 'Verkhnyaya Salda'),
(1913, 55, 'Верхняя Синячиха', 'Verkhnyaya Sinyachikha'),
(1914, 55, 'Верхняя Сысерть', 'Verkhnyaya Sysert'),
(1915, 55, 'Верхняя Тура', 'Verkhnyaya Tura'),
(1916, 55, 'Верхотурье', 'Verkhoture'),
(1917, 55, 'Висим', 'Visim'),
(1918, 55, 'Волчанск', 'Volchansk'),
(1919, 55, 'Гари', 'Gari'),
(1920, 55, 'Дегтярск', 'Degtyarsk'),
(1921, 55, 'Екатеринбург', 'Ekaterinburg'),
(1922, 55, 'Ертарский', 'Ertarskiy'),
(1923, 55, 'Заводоуспенское', 'Zavodouspenskoe'),
(1924, 55, 'Заречный', 'Zarechnyy'),
(1925, 55, 'Ивдель', 'Ivdel'),
(1926, 55, 'Изумруд', 'Izumrud'),
(1927, 55, 'Ирбит', 'Irbit'),
(1928, 55, 'Ис', 'Is'),
(1929, 55, 'Каменск-Уральский', 'Kamensk-Uralskiy'),
(1930, 55, 'Камышлов', 'Kamyshlov'),
(1931, 55, 'Карпинск', 'Karpinsk'),
(1932, 55, 'Качканар', 'Kachkanar'),
(1933, 55, 'Кировград', 'Kirovgrad'),
(1934, 55, 'Краснотурьинск', 'Krasnoturinsk'),
(1935, 55, 'Красноуральск', 'Krasnouralsk'),
(1936, 55, 'Красноуфимск', 'Krasnoufimsk'),
(1937, 55, 'Кушва', 'Kushva'),
(1938, 55, 'Лесной', 'Lesnoy'),
(1939, 55, 'Михайловск', 'Mikhaylovsk'),
(1940, 55, 'Невьянск', 'Nevyansk'),
(1941, 55, 'Нижние Серги', 'Nizhnie Sergi'),
(1942, 55, 'Нижний Тагил', 'Nizhniy Tagil'),
(1943, 55, 'Нижняя Салда', 'Nizhnyaya Salda'),
(1944, 55, 'Нижняя Тура', 'Nizhnyaya Tura'),
(1945, 55, 'Новая Ляля', 'Novaya Lyalya'),
(1946, 55, 'Новоуральск', 'Novouralsk'),
(1947, 55, 'Новоуральск (Свердловская обл.)', 'Novouralsk'),
(1948, 55, 'Оус', 'Ous'),
(1949, 55, 'Первоуральск', 'Pervouralsk'),
(1950, 55, 'Полевской', 'Polevskoy'),
(1951, 55, 'Пышма', 'Pyshma'),
(1952, 55, 'Ревда (Свердловская обл.)', 'Revda'),
(1953, 55, 'Реж', 'Rezh'),
(1954, 55, 'Рефтинск', 'Reftinsk'),
(1955, 55, 'Свердловск', 'Sverdlovsk'),
(1956, 55, 'Североуральск', 'Severouralsk'),
(1957, 55, 'Серов', 'Serov'),
(1958, 55, 'Сосьва', 'Sosva'),
(1959, 55, 'Среднеуральск', 'Sredneuralsk'),
(1960, 55, 'Сухой Лог', 'Sukhoy Log'),
(1961, 55, 'Сысерть', 'Sysert'),
(1962, 55, 'Таборы', 'Tabory'),
(1963, 55, 'Тавда', 'Tavda'),
(1964, 55, 'Талица', 'Talitsa'),
(1965, 55, 'Тугулым', 'Tugulym'),
(1966, 55, 'Туринск', 'Turinsk'),
(1967, 55, 'Туринская Слобода', 'Turinskaya Sloboda'),
(1968, 56, 'Алагир', 'Alagir'),
(1969, 56, 'Ардон', 'Ardon'),
(1970, 56, 'Беслан', 'Beslan'),
(1971, 56, 'Бурон', 'Buron'),
(1972, 56, 'Владикавказ', 'Vladikavkaz'),
(1973, 56, 'Дигора', 'Digora'),
(1974, 56, 'Моздок', 'Mozdok'),
(1975, 56, 'Орджоникидзе', 'Ordzhonikidze'),
(1976, 56, 'Чикола', 'CHikola'),
(1977, 57, 'Велиж', 'Velizh'),
(1978, 57, 'Верхнеднепровский', 'Verkhnedneprovskiy'),
(1979, 57, 'Ворга', 'Vorga'),
(1980, 57, 'Вязьма', 'Vyazma'),
(1981, 57, 'Гагарин', 'Gagarin'),
(1982, 57, 'Глинка', 'Glinka'),
(1983, 57, 'Голынки', 'Golynki'),
(1984, 57, 'Демидов', 'Demidov'),
(1985, 57, 'Десногорск', 'Desnogorsk'),
(1986, 57, 'Дорогобуж', 'Dorogobuzh'),
(1987, 57, 'Духовщина', 'Dukhovshchina'),
(1988, 57, 'Ельня', 'Elnya'),
(1989, 57, 'Ершичи', 'Ershichi'),
(1990, 57, 'Издешково', 'Izdeshkovo'),
(1991, 57, 'Кардымово', 'Kardymovo'),
(1992, 57, 'Красный', 'Krasnyy'),
(1993, 57, 'Монастырщина', 'Monastyrshchina'),
(1994, 57, 'Новодугино', 'Novodugino'),
(1995, 57, 'Починок', 'Pochinok'),
(1996, 57, 'Рославль', 'Roslavl'),
(1997, 57, 'Рудня', 'Rudnya'),
(1998, 57, 'Сафоново', 'Safonovo'),
(1999, 57, 'Смоленск', 'Smolensk'),
(2000, 57, 'Сычевка', 'Sychevka'),
(2001, 57, 'Угра', 'Ugra'),
(2002, 57, 'Хиславичи', 'KHislavichi'),
(2003, 57, 'Холм-Жирковский', 'KHolm-ZHirkovskiy'),
(2004, 57, 'Шумячи', 'SHumyachi'),
(2005, 57, 'Ярцево', 'YArtsevo'),
(2006, 58, 'Александровское (Ставрополь.)', 'Aleksandrovskoe'),
(2007, 58, 'Арзгир', 'Arzgir'),
(2008, 58, 'Благодарный', 'Blagodarnyy'),
(2009, 58, 'Буденновск', 'Budennovsk'),
(2010, 58, 'Георгиевск', 'Georgievsk'),
(2011, 58, 'Дивное (Ставропольский край)', 'Divnoe'),
(2012, 58, 'Домбай', 'Dombay'),
(2013, 58, 'Донское', 'Donskoe'),
(2014, 58, 'Ессентуки', 'Essentuki'),
(2015, 58, 'Железноводск(Ставропольский)', 'ZHeleznovodsk'),
(2016, 58, 'Зеленокумск', 'Zelenokumsk'),
(2017, 58, 'Изобильный', 'Izobilnyy'),
(2018, 58, 'Иноземцево', 'Inozemtsevo'),
(2019, 58, 'Ипатово', 'Ipatovo'),
(2020, 58, 'Карачаевск', 'Karachaevsk'),
(2021, 58, 'Кисловодск', 'Kislovodsk'),
(2022, 58, 'Кочубеевское', 'Kochubeevskoe'),
(2023, 58, 'Красногвардейское (Ставрополь.)', 'Krasnogvardeyskoe'),
(2024, 58, 'Курсавка', 'Kursavka'),
(2025, 58, 'Левокумское', 'Levokumskoe'),
(2026, 58, 'Лермонтов', 'Lermontov'),
(2027, 58, 'Минеральные Воды', 'Mineralnye Vody'),
(2028, 58, 'Михайловск', 'Mikhaylovsk'),
(2029, 58, 'Невинномысск', 'Nevinnomyssk'),
(2030, 58, 'Нефтекумск', 'Neftekumsk'),
(2031, 58, 'Новоалександровск', 'Novoaleksandrovsk'),
(2032, 58, 'Новоалександровская', 'Novoaleksandrovskaya'),
(2033, 58, 'Новопавловск', 'Novopavlovsk'),
(2034, 58, 'Новоселицкое', 'Novoselitskoe'),
(2035, 58, 'Преградная', 'Pregradnaya'),
(2036, 58, 'Пятигорск', 'Pyatigorsk'),
(2037, 58, 'Светлоград', 'Svetlograd'),
(2038, 58, 'Солнечнодольск', 'Solnechnodolsk'),
(2039, 58, 'Ставрополь', 'Stavropol'),
(2040, 58, 'Степное (Ставропольский край)', 'Stepnoe'),
(2041, 58, 'Теберда', 'Teberda'),
(2042, 58, 'Усть-Джегута', 'Ust-Dzheguta'),
(2043, 58, 'Хабез', 'KHabez'),
(2044, 58, 'Черкесск', 'CHerkessk'),
(2045, 59, 'Бондари', 'Bondari'),
(2046, 59, 'Гавриловка Вторая', 'Gavrilovka Vtoraya'),
(2047, 59, 'Жердевка', 'ZHerdevka'),
(2048, 59, 'Знаменка', 'Znamenka'),
(2049, 59, 'Инжавино', 'Inzhavino'),
(2050, 59, 'Кирсанов', 'Kirsanov'),
(2051, 59, 'Котовск', 'Kotovsk'),
(2052, 59, 'Мичуринск', 'Michurinsk'),
(2053, 59, 'Мордово', 'Mordovo'),
(2054, 59, 'Моршанск', 'Morshansk'),
(2055, 59, 'Мучкапский', 'Muchkapskiy'),
(2056, 59, 'Первомайский (Тамбовская обл.)', 'Pervomayskiy'),
(2057, 59, 'Петровское', 'Petrovskoe'),
(2058, 59, 'Пичаево', 'Pichaevo'),
(2059, 59, 'Рассказово', 'Rasskazovo'),
(2060, 59, 'Ржакса', 'Rzhaksa'),
(2061, 59, 'Сосновка', 'Sosnovka'),
(2062, 59, 'Староюрьево', 'Staroyurevo'),
(2063, 59, 'Тамбов', 'Tambov'),
(2064, 59, 'Токаревка', 'Tokarevka'),
(2065, 59, 'Уварово', 'Uvarovo'),
(2066, 59, 'Умет', 'Umet'),
(2067, 60, 'Агрыз', 'Agryz'),
(2068, 60, 'Азнакаево', 'Aznakaevo'),
(2069, 60, 'Аксубаево', 'Aksubaevo'),
(2070, 60, 'Актаныш', 'Aktanysh'),
(2071, 60, 'Актюбинский', 'Aktyubinskiy'),
(2072, 60, 'Алексеевское', 'Alekseevskoe'),
(2073, 60, 'Альметьевск', 'Almetevsk'),
(2074, 60, 'Апастово', 'Apastovo'),
(2075, 60, 'Арск', 'Arsk'),
(2076, 60, 'Бавлы', 'Bavly'),
(2077, 60, 'Базарные Матаки', 'Bazarnye Mataki'),
(2078, 60, 'Балтаси', 'Baltasi'),
(2079, 60, 'Богатые Сабы', 'Bogatye Saby'),
(2080, 60, 'Брежнев', 'Brezhnev'),
(2081, 60, 'Бугульма', 'Bugulma'),
(2082, 60, 'Буинск', 'Buinsk'),
(2083, 60, 'Васильево', 'Vasilevo'),
(2084, 60, 'Верхний Услон', 'Verkhniy Uslon'),
(2085, 60, 'Высокая Гора', 'Vysokaya Gora'),
(2086, 60, 'Дербешкинский', 'Derbeshkinskiy'),
(2087, 60, 'Елабуга', 'Elabuga'),
(2088, 60, 'Заинск', 'Zainsk'),
(2089, 60, 'Зеленодольск', 'Zelenodolsk'),
(2090, 60, 'Казань', 'Kazan'),
(2091, 60, 'Камское Устье', 'Kamskoe Uste'),
(2092, 60, 'Карабаш (Татарстан)', 'Karabash'),
(2093, 60, 'Куйбышев (Татарстан)', 'Kuybyshev'),
(2094, 60, 'Кукмод', 'Kukmod'),
(2095, 60, 'Кукмор', 'Kukmor'),
(2096, 60, 'Лаишево', 'Laishevo'),
(2097, 60, 'Лениногорск', 'Leninogorsk'),
(2098, 60, 'Мамадыш', 'Mamadysh'),
(2099, 60, 'Менделеевск', 'Mendeleevsk'),
(2100, 60, 'Мензелинск', 'Menzelinsk'),
(2101, 60, 'Муслюмово', 'Muslyumovo'),
(2102, 60, 'Набережные Челны', 'Naberezhnye CHelny'),
(2103, 60, 'Нижнекамск', 'Nizhnekamsk'),
(2104, 60, 'Новошешминск', 'Novosheshminsk'),
(2105, 60, 'Нурлат', 'Nurlat'),
(2106, 60, 'Пестрецы', 'Pestretsy'),
(2107, 60, 'Рыбная Слобода', 'Rybnaya Sloboda'),
(2108, 60, 'Сарманово', 'Sarmanovo'),
(2109, 60, 'Старое Дрожжаное', 'Staroe Drozhzhanoe'),
(2110, 60, 'Тетюши', 'Tetyushi'),
(2111, 60, 'Черемшан', 'CHeremshan'),
(2112, 60, 'Чистополь', 'CHistopol'),
(2113, 61, 'Андреаполь', 'Andreapol'),
(2114, 61, 'Бежецк', 'Bezhetsk'),
(2115, 61, 'Белый', 'Belyy'),
(2116, 61, 'Белый Городок', 'Belyy Gorodok'),
(2117, 61, 'Березайка', 'Berezayka'),
(2118, 61, 'Бологое', 'Bologoe'),
(2119, 61, 'Васильевский Мох', 'Vasilevskiy Mokh'),
(2120, 61, 'Весьегонск', 'Vesegonsk'),
(2121, 61, 'Выползово', 'Vypolzovo'),
(2122, 61, 'Вышний Волочек', 'Vyshniy Volochek'),
(2123, 61, 'Жарковский', 'ZHarkovskiy'),
(2124, 61, 'Западная Двина', 'Zapadnaya Dvina'),
(2125, 61, 'Зубцов', 'Zubtsov'),
(2126, 61, 'Изоплит', 'Izoplit'),
(2127, 61, 'Калашниково', 'Kalashnikovo'),
(2128, 61, 'Калинин', 'Kalinin'),
(2129, 61, 'Калязин', 'Kalyazin'),
(2130, 61, 'Кашин', 'Kashin'),
(2131, 61, 'Кесова Гора', 'Kesova Gora'),
(2132, 61, 'Кимры', 'Kimry'),
(2133, 61, 'Конаково', 'Konakovo'),
(2134, 61, 'Красный Холм', 'Krasnyy KHolm'),
(2135, 61, 'Кувшиново', 'Kuvshinovo'),
(2136, 61, 'Лесное', 'Lesnoe'),
(2137, 61, 'Лихославль', 'Likhoslavl'),
(2138, 61, 'Максатиха', 'Maksatikha'),
(2139, 61, 'Молоково', 'Molokovo'),
(2140, 61, 'Нелидово', 'Nelidovo'),
(2141, 61, 'Оленино', 'Olenino'),
(2142, 61, 'Осташков', 'Ostashkov'),
(2143, 61, 'Пено', 'Peno'),
(2144, 61, 'Рамешки', 'Rameshki'),
(2145, 61, 'Ржев', 'Rzhev'),
(2146, 61, 'Сандово', 'Sandovo'),
(2147, 61, 'Селижарово', 'Selizharovo'),
(2148, 61, 'Сонково', 'Sonkovo'),
(2149, 61, 'Спирово', 'Spirovo'),
(2150, 61, 'Старица', 'Staritsa'),
(2151, 61, 'Тверь', 'Tver'),
(2152, 61, 'Торжок', 'Torzhok'),
(2153, 61, 'Торопец', 'Toropets'),
(2154, 61, 'Удомля', 'Udomlya'),
(2155, 61, 'Фирово', 'Firovo'),
(2156, 62, 'Александровское (Томская обл.)', 'Aleksandrovskoe'),
(2157, 62, 'Асино', 'Asino'),
(2158, 62, 'Бакчар', 'Bakchar'),
(2159, 62, 'Батурино', 'Baturino'),
(2160, 62, 'Белый Яр', 'Belyy YAr'),
(2161, 62, 'Зырянское', 'Zyryanskoe'),
(2162, 62, 'Итатка', 'Itatka'),
(2163, 62, 'Каргасок', 'Kargasok'),
(2164, 62, 'Катайга', 'Katayga'),
(2165, 62, 'Кожевниково', 'Kozhevnikovo'),
(2166, 62, 'Колпашево', 'Kolpashevo'),
(2167, 62, 'Кривошеино', 'Krivosheino'),
(2168, 62, 'Мельниково', 'Melnikovo'),
(2169, 62, 'Молчаново', 'Molchanovo'),
(2170, 62, 'Парабель', 'Parabel'),
(2171, 62, 'Первомайское', 'Pervomayskoe'),
(2172, 62, 'Подгорное', 'Podgornoe'),
(2173, 62, 'Северск', 'Seversk'),
(2174, 62, 'Стрежевой', 'Strezhevoy'),
(2175, 62, 'Томск', 'Tomsk'),
(2176, 62, 'Тымск', 'Tymsk'),
(2177, 63, 'Ак-Довурак', 'Ak-Dovurak'),
(2178, 63, 'Бай Хаак', 'Bay KHaak'),
(2179, 63, 'Кызыл', 'Kyzyl'),
(2180, 63, 'Самагалтай', 'Samagaltay'),
(2181, 63, 'Сарыг-Сеп', 'Saryg-Sep'),
(2182, 63, 'Суть-Холь', 'Sut-KHol'),
(2183, 63, 'Тоора-Хем', 'Toora-KHem'),
(2184, 63, 'Туран', 'Turan'),
(2185, 63, 'Тээли', 'Teeli'),
(2186, 63, 'Хову-Аксы', 'KHovu-Aksy'),
(2187, 63, 'Чадан', 'CHadan'),
(2188, 63, 'Шагонар', 'SHagonar'),
(2189, 63, 'Эрзин', 'Erzin'),
(2190, 64, 'Агеево', 'Ageevo'),
(2191, 64, 'Алексин', 'Aleksin'),
(2192, 64, 'Арсеньево', 'Arsenevo'),
(2193, 64, 'Барсуки', 'Barsuki'),
(2194, 64, 'Белев', 'Belev'),
(2195, 64, 'Богородицк', 'Bogoroditsk'),
(2196, 64, 'Болохово', 'Bolokhovo'),
(2197, 64, 'Велегож', 'Velegozh'),
(2198, 64, 'Венев', 'Venev'),
(2199, 64, 'Волово', 'Volovo'),
(2200, 64, 'Горелки', 'Gorelki'),
(2201, 64, 'Донской', 'Donskoy'),
(2202, 64, 'Дубна (Тульская обл.)', 'Dubna'),
(2203, 64, 'Епифань', 'Epifan'),
(2204, 64, 'Ефремов', 'Efremov'),
(2205, 64, 'Заокский', 'Zaokskiy'),
(2206, 64, 'Казановка', 'Kazanovka'),
(2207, 64, 'Кимовск', 'Kimovsk'),
(2208, 64, 'Киреевск', 'Kireevsk'),
(2209, 64, 'Куркино', 'Kurkino'),
(2210, 64, 'Ленинский', 'Leninskiy'),
(2211, 64, 'Лянтор', 'Lyantor'),
(2212, 64, 'Новомосковск', 'Novomoskovsk'),
(2213, 64, 'Одоев', 'Odoev'),
(2214, 64, 'Плавск', 'Plavsk'),
(2215, 64, 'Советск (Тульская обл.)', 'Sovetsk'),
(2216, 64, 'Суворов', 'Suvorov'),
(2217, 64, 'Тула', 'Tula'),
(2218, 64, 'Узловая', 'Uzlovaya'),
(2219, 64, 'Щекино', 'SHCHekino'),
(2220, 64, 'Ясногорск', 'YAsnogorsk'),
(2221, 65, 'Абатский', 'Abatskiy'),
(2222, 65, 'Аган', 'Agan'),
(2223, 65, 'Аксарка', 'Aksarka'),
(2224, 65, 'Армизонское', 'Armizonskoe'),
(2225, 65, 'Аромашево', 'Aromashevo'),
(2226, 65, 'Белоярский (Тюменская обл.)', 'Beloyarskiy'),
(2227, 65, 'Бердюжье', 'Berdyuzhe'),
(2228, 65, 'Березово', 'Berezovo'),
(2229, 65, 'Большое Сорокино', 'Bolshoe Sorokino'),
(2230, 65, 'Вагай', 'Vagay'),
(2231, 65, 'Викулово', 'Vikulovo'),
(2232, 65, 'Винзили', 'Vinzili'),
(2233, 65, 'Голышманово', 'Golyshmanovo'),
(2234, 65, 'Губкинский (Тюменская обл.)', 'Gubkinskiy'),
(2235, 65, 'Заводопетровский', 'Zavodopetrovskiy'),
(2236, 65, 'Заводоуковск', 'Zavodoukovsk'),
(2237, 65, 'Игрим', 'Igrim'),
(2238, 65, 'Излучинск', 'Izluchinsk'),
(2239, 65, 'Исетское', 'Isetskoe'),
(2240, 65, 'Ишим', 'Ishim'),
(2241, 65, 'Казанское', 'Kazanskoe'),
(2242, 65, 'Казым-Мыс', 'Kazym-Mys'),
(2243, 65, 'Когалым (Тюменская обл.)', 'Kogalym'),
(2244, 65, 'Кондинское', 'Kondinskoe'),
(2245, 65, 'Красноселькуп', 'Krasnoselkup'),
(2246, 65, 'Лабытнанги', 'Labytnangi'),
(2247, 65, 'Лангепас', 'Langepas'),
(2248, 65, 'Ларьяк', 'Laryak'),
(2249, 65, 'Лянторский', 'Lyantorskiy'),
(2250, 65, 'Мегион', 'Megion'),
(2251, 65, 'Междуреченский', 'Mezhdurechenskiy'),
(2252, 65, 'Мужи', 'Muzhi'),
(2253, 65, 'Муравленко (Тюменская обл.)', 'Muravlenko'),
(2254, 65, 'Надым (Тюменская обл.)', 'Nadym'),
(2255, 65, 'Находка (Тюменская обл.)', 'Nakhodka'),
(2256, 65, 'Нефтеюганск', 'Nefteyugansk'),
(2257, 65, 'Нижневартовск', 'Nizhnevartovsk'),
(2258, 65, 'Нижняя Тавда', 'Nizhnyaya Tavda'),
(2259, 65, 'Новоаганск', 'Novoagansk'),
(2260, 65, 'Новый Уренгой (Тюменская обл.)', 'Novyy Urengoy'),
(2261, 65, 'Ноябрьск (Тюменская обл.)', 'Noyabrsk'),
(2262, 65, 'Нягань', 'Nyagan'),
(2263, 65, 'Октябрьское (Тюменская обл.)', 'Oktyabrskoe'),
(2264, 65, 'Омутинский', 'Omutinskiy'),
(2265, 65, 'Покачи (Тюменская обл.)', 'Pokachi'),
(2266, 65, 'Приобье', 'Priobe'),
(2267, 65, 'Пыть-Ях', 'Pyt-YAkh'),
(2268, 65, 'Радужный (Ханты-Мансийский АО)', 'Raduzhnyy'),
(2269, 65, 'Салехард', 'Salekhard'),
(2270, 65, 'Сладково', 'Sladkovo'),
(2271, 65, 'Советский (Тюменская обл.)', 'Sovetskiy'),
(2272, 65, 'Сургут', 'Surgut'),
(2273, 65, 'Тазовский', 'Tazovskiy'),
(2274, 65, 'Тобольск', 'Tobolsk'),
(2275, 65, 'Тюмень', 'Tyumen'),
(2276, 65, 'Уват', 'Uvat'),
(2277, 65, 'Унъюган', 'Unyugan'),
(2278, 65, 'Упорово', 'Uporovo'),
(2279, 65, 'Урай', 'Uray'),
(2280, 65, 'Ханты-Мансийск', 'KHanty-Mansiysk'),
(2281, 65, 'Югорск', 'YUgorsk'),
(2282, 65, 'Юрибей', 'YUribey'),
(2283, 65, 'Ялуторовск', 'YAlutorovsk'),
(2284, 65, 'Яр-Сале', 'YAr-Sale'),
(2285, 65, 'Ярково', 'YArkovo'),
(2286, 66, 'Алнаши', 'Alnashi'),
(2287, 66, 'Балезино', 'Balezino'),
(2288, 66, 'Вавож', 'Vavozh'),
(2289, 66, 'Воткинск', 'Votkinsk'),
(2290, 66, 'Глазов', 'Glazov'),
(2291, 66, 'Грахово', 'Grakhovo'),
(2292, 66, 'Дебесы', 'Debesy'),
(2293, 66, 'Завьялово', 'Zavyalovo'),
(2294, 66, 'Игра', 'Igra'),
(2295, 66, 'Ижевск', 'Izhevsk'),
(2296, 66, 'Кама', 'Kama'),
(2297, 66, 'Камбарка', 'Kambarka'),
(2298, 66, 'Каракулино', 'Karakulino'),
(2299, 66, 'Кез', 'Kez'),
(2300, 66, 'Кизнер', 'Kizner'),
(2301, 66, 'Киясово', 'Kiyasovo'),
(2302, 66, 'Красногорское (Удмуртия)', 'Krasnogorskoe'),
(2303, 66, 'Можга', 'Mozhga'),
(2304, 66, 'Сарапул', 'Sarapul'),
(2305, 66, 'Селты', 'Selty'),
(2306, 66, 'Сюмси', 'Syumsi'),
(2307, 66, 'Ува', 'Uva'),
(2308, 66, 'Устинов', 'Ustinov'),
(2309, 66, 'Шаркан', 'SHarkan'),
(2310, 66, 'Юкаменское', 'YUkamenskoe'),
(2311, 66, 'Якшур-Бодья', 'YAkshur-Bodya'),
(2312, 66, 'Яр', 'YAr'),
(2313, 67, 'Базарный Сызган', 'Bazarnyy Syzgan'),
(2314, 67, 'Барыш', 'Barysh'),
(2315, 67, 'Большое Нагаткино', 'Bolshoe Nagatkino'),
(2316, 67, 'Вешкайма', 'Veshkayma'),
(2317, 67, 'Глотовка', 'Glotovka'),
(2318, 67, 'Димитровград', 'Dimitrovgrad'),
(2319, 67, 'Игнатовка', 'Ignatovka'),
(2320, 67, 'Измайлово', 'Izmaylovo'),
(2321, 67, 'Инза', 'Inza'),
(2322, 67, 'Ишеевка', 'Isheevka'),
(2323, 67, 'Канадей', 'Kanadey'),
(2324, 67, 'Карсун', 'Karsun'),
(2325, 67, 'Кузоватово', 'Kuzovatovo'),
(2326, 67, 'Майна', 'Mayna'),
(2327, 67, 'Новая Малыкла', 'Novaya Malykla'),
(2328, 67, 'Новоспасское', 'Novospasskoe'),
(2329, 67, 'Новоульяновск', 'Novoulyanovsk'),
(2330, 67, 'Павловка', 'Pavlovka'),
(2331, 67, 'Радищево', 'Radishchevo'),
(2332, 67, 'Сенгилей', 'Sengiley'),
(2333, 67, 'Старая Кулатка', 'Staraya Kulatka'),
(2334, 67, 'Старая Майна', 'Staraya Mayna'),
(2335, 67, 'Сурское', 'Surskoe'),
(2336, 67, 'Тереньга', 'Terenga'),
(2337, 67, 'Ульяновск', 'Ulyanovsk'),
(2338, 67, 'Чердаклы', 'CHerdakly'),
(2339, 68, 'Аксай (Уральская обл.)', 'Aksay'),
(2340, 68, 'Дарьинское', 'Darinskoe'),
(2341, 68, 'Деркул', 'Derkul'),
(2342, 68, 'Джамбейты', 'Dzhambeyty'),
(2343, 68, 'Переметное', 'Peremetnoe'),
(2344, 68, 'Уральск', 'Uralsk'),
(2345, 68, 'Федоровка (Уральская обл.)', 'Fedorovka'),
(2346, 68, 'Фурманово', 'Furmanovo'),
(2347, 68, 'Чапаев', 'CHapaev'),
(2348, 69, 'Амурск', 'Amursk'),
(2349, 69, 'Аян', 'Ayan'),
(2350, 69, 'Березовый', 'Berezovyy'),
(2351, 69, 'Бикин', 'Bikin'),
(2352, 69, 'Бира', 'Bira'),
(2353, 69, 'Биракан', 'Birakan'),
(2354, 69, 'Богородское (Хабаровский край)', 'Bogorodskoe'),
(2355, 69, 'Ванино', 'Vanino'),
(2356, 69, 'Волочаевка Вторая', 'Volochaevka Vtoraya'),
(2357, 69, 'Высокогорный', 'Vysokogornyy'),
(2358, 69, 'Вяземский', 'Vyazemskiy'),
(2359, 69, 'Горный', 'Gornyy'),
(2360, 69, 'Гурское', 'Gurskoe'),
(2361, 69, 'Дормидонтовка', 'Dormidontovka'),
(2362, 69, 'Заветы Ильича', 'Zavety Ilicha'),
(2363, 69, 'Известковый', 'Izvestkovyy'),
(2364, 69, 'Иннокентьевка', 'Innokentevka'),
(2365, 69, 'Комсомольск-на-Амуре', 'Komsomolsk-na-Amure'),
(2366, 69, 'Ленинское', 'Leninskoe'),
(2367, 69, 'Нелькан', 'Nelkan'),
(2368, 69, 'Николаевск-на-Амуре', 'Nikolaevsk-na-Amure'),
(2369, 69, 'Облучье', 'Obluche'),
(2370, 69, 'Охотск', 'Okhotsk'),
(2371, 69, 'Переяславка', 'Pereyaslavka'),
(2372, 69, 'Смидович', 'Smidovich'),
(2373, 69, 'Советская Гавань', 'Sovetskaya Gavan'),
(2374, 69, 'Софийск', 'Sofiysk'),
(2375, 69, 'Троицкое', 'Troitskoe'),
(2376, 69, 'Тугур', 'Tugur'),
(2377, 69, 'Хабаровск', 'KHabarovsk'),
(2378, 69, 'Чегдомын', 'CHegdomyn'),
(2379, 69, 'Чумикан', 'CHumikan'),
(2380, 70, 'Абакан', 'Abakan'),
(2381, 70, 'Саяногорск', 'Sayanogorsk'),
(2382, 70, 'Черногорск', 'CHernogorsk'),
(2383, 71, 'Агаповка', 'Agapovka'),
(2384, 71, 'Аргаяш', 'Argayash'),
(2385, 71, 'Аша', 'Asha'),
(2386, 71, 'Бакал', 'Bakal'),
(2387, 71, 'Бреды', 'Bredy'),
(2388, 71, 'Варна', 'Varna'),
(2389, 71, 'Верхнеуральск', 'Verkhneuralsk'),
(2390, 71, 'Верхний Уфалей', 'Verkhniy Ufaley'),
(2391, 71, 'Еманжелинск', 'Emanzhelinsk'),
(2392, 71, 'Златоуст', 'Zlatoust'),
(2393, 71, 'Карабаш', 'Karabash'),
(2394, 71, 'Карталы', 'Kartaly'),
(2395, 71, 'Касли', 'Kasli'),
(2396, 71, 'Катав-Ивановск', 'Katav-Ivanovsk'),
(2397, 71, 'Копейск', 'Kopeysk'),
(2398, 71, 'Коркино', 'Korkino'),
(2399, 71, 'Красногорский', 'Krasnogorskiy'),
(2400, 71, 'Кунашак', 'Kunashak'),
(2401, 71, 'Куса', 'Kusa'),
(2402, 71, 'Кыштым', 'Kyshtym'),
(2403, 71, 'Магнитогорск', 'Magnitogorsk'),
(2404, 71, 'Миасс', 'Miass'),
(2405, 71, 'Миньяр', 'Minyar'),
(2406, 71, 'Озерск(Челябинская обл.)', 'Ozersk'),
(2407, 71, 'Октябрьское (Челябинская обл.)', 'Oktyabrskoe'),
(2408, 71, 'Пласт', 'Plast'),
(2409, 71, 'Сатка', 'Satka'),
(2410, 71, 'Сим', 'Sim'),
(2411, 71, 'Снежинск (Челябинская обл.)', 'Snezhinsk'),
(2412, 71, 'Трехгорный', 'Trekhgornyy'),
(2413, 71, 'Троицк', 'Troitsk'),
(2414, 71, 'Увельский', 'Uvelskiy'),
(2415, 71, 'Уйское', 'Uyskoe'),
(2416, 71, 'Усть-Катав', 'Ust-Katav'),
(2417, 71, 'Фершампенуаз', 'Fershampenuaz'),
(2418, 71, 'Чебаркуль', 'CHebarkul'),
(2419, 71, 'Челябинск', 'CHelyabinsk'),
(2420, 71, 'Чесма', 'CHesma'),
(2421, 71, 'Южно-Уральск', 'YUzhno-Uralsk'),
(2422, 71, 'Юрюзань', 'YUryuzan'),
(2423, 72, 'Аргун', 'Argun'),
(2424, 72, 'Грозный', 'Groznyy'),
(2425, 72, 'Гудермес', 'Gudermes'),
(2426, 72, 'Знаменское', 'Znamenskoe'),
(2427, 72, 'Малгобек', 'Malgobek'),
(2428, 72, 'Назрань', 'Nazran'),
(2429, 72, 'Наурская', 'Naurskaya'),
(2430, 72, 'Ножай-Юрт', 'Nozhay-YUrt'),
(2431, 72, 'Орджоникидзевская', 'Ordzhonikidzevskaya'),
(2432, 72, 'Советское (Чечено-Ингушетия)', 'Sovetskoe'),
(2433, 72, 'Урус-Мартан', 'Urus-Martan'),
(2434, 72, 'Шали', 'SHali'),
(2435, 73, 'Агинское', 'Aginskoe'),
(2436, 73, 'Аксеново-Зиловское', 'Aksenovo-Zilovskoe'),
(2437, 73, 'Акша', 'Aksha'),
(2438, 73, 'Арбагар', 'Arbagar'),
(2439, 73, 'Атамановка', 'Atamanovka'),
(2440, 73, 'Балей', 'Baley'),
(2441, 73, 'Борзя', 'Borzya'),
(2442, 73, 'Букачача', 'Bukachacha'),
(2443, 73, 'Газимурский Завод', 'Gazimurskiy Zavod'),
(2444, 73, 'Давенда', 'Davenda'),
(2445, 73, 'Дарасун', 'Darasun'),
(2446, 73, 'Домна', 'Domna'),
(2447, 73, 'Дровяная', 'Drovyanaya'),
(2448, 73, 'Дульдурга', 'Duldurga'),
(2449, 73, 'Забайкальск', 'Zabaykalsk'),
(2450, 73, 'Карымское', 'Karymskoe'),
(2451, 73, 'Ключевский', 'Klyuchevskiy'),
(2452, 73, 'Кокуй', 'Kokuy'),
(2453, 73, 'Краснокаменск', 'Krasnokamensk'),
(2454, 73, 'Красный Чикой', 'Krasnyy CHikoy'),
(2455, 73, 'Кыра', 'Kyra'),
(2456, 73, 'Моготуй', 'Mogotuy'),
(2457, 73, 'Могоча', 'Mogocha'),
(2458, 73, 'Нерчинск', 'Nerchinsk'),
(2459, 73, 'Нерчинский Завод', 'Nerchinskiy Zavod'),
(2460, 73, 'Нижний Цасучей', 'Nizhniy TSasuchey'),
(2461, 73, 'Оловянная', 'Olovyannaya'),
(2462, 73, 'Первомайский (Читинская обл.)', 'Pervomayskiy'),
(2463, 73, 'Петровск-Забайкальский', 'Petrovsk-Zabaykalskiy'),
(2464, 73, 'Приаргунск', 'Priargunsk'),
(2465, 73, 'Сретенск', 'Sretensk'),
(2466, 73, 'Тупик', 'Tupik'),
(2467, 73, 'Улеты', 'Ulety'),
(2468, 73, 'Хилок', 'KHilok'),
(2469, 73, 'Чара', 'CHara'),
(2470, 73, 'Чернышевск', 'CHernyshevsk'),
(2471, 73, 'Чита', 'CHita'),
(2472, 73, 'Шелопугино', 'SHelopugino'),
(2473, 73, 'Шилка', 'SHilka'),
(2474, 74, 'Алатырь', 'Alatyr'),
(2475, 74, 'Аликово', 'Alikovo'),
(2476, 74, 'Батырева', 'Batyreva'),
(2477, 74, 'Буинск', 'Buinsk'),
(2478, 74, 'Вурнары', 'Vurnary'),
(2479, 74, 'Ибреси', 'Ibresi'),
(2480, 74, 'Канаш', 'Kanash'),
(2481, 74, 'Киря', 'Kirya'),
(2482, 74, 'Комсомольское', 'Komsomolskoe'),
(2483, 74, 'Красноармейское (Чувашия)', 'Krasnoarmeyskoe'),
(2484, 74, 'Красные Четаи', 'Krasnye CHetai'),
(2485, 74, 'Кугеси', 'Kugesi'),
(2486, 74, 'Мариинский Посад', 'Mariinskiy Posad'),
(2487, 74, 'Моргауши', 'Morgaushi'),
(2488, 74, 'Новочебоксарск', 'Novocheboksarsk'),
(2489, 74, 'Порецкое', 'Poretskoe'),
(2490, 74, 'Урмары', 'Urmary'),
(2491, 74, 'Цивильск', 'TSivilsk'),
(2492, 74, 'Чебоксары', 'CHeboksary'),
(2493, 74, 'Шемурша', 'SHemursha'),
(2494, 74, 'Шумерля', 'SHumerlya'),
(2495, 74, 'Ядрин', 'YAdrin'),
(2496, 74, 'Яльчики', 'YAlchiki'),
(2497, 74, 'Янтиково', 'YAntikovo'),
(2498, 75, 'Анадырь (Чукотский АО)', 'Anadyr'),
(2499, 75, 'Билибино', 'Bilibino'),
(2500, 75, 'ПЕВЕК', 'PEVEK'),
(2501, 76, 'Губкинский (Ямало-Ненецкий АО)', 'Gubkinskiy'),
(2502, 76, 'Заполярный (Ямало-Ненецкий АО)', 'Zapolyarnyy'),
(2503, 76, 'Муравленко', 'Muravlenko'),
(2504, 76, 'Надым', 'Nadym'),
(2505, 76, 'Новый Уренгой', 'Novyy Urengoy'),
(2506, 76, 'Ноябрьск', 'Noyabrsk'),
(2507, 76, 'Пангоды', 'Pangody'),
(2508, 76, 'Пуровск', 'Purovsk'),
(2509, 76, 'Салехард', 'Salekhard'),
(2510, 76, 'Тазовский', 'Tazovskiy'),
(2511, 76, 'Тарко-Сале', 'Tarko-Sale'),
(2512, 77, 'Андропов', 'Andropov'),
(2513, 77, 'Берендеево', 'Berendeevo'),
(2514, 77, 'Большое Село', 'Bolshoe Selo'),
(2515, 77, 'Борисоглебский', 'Borisoglebskiy'),
(2516, 77, 'Брейтово', 'Breytovo'),
(2517, 77, 'Бурмакино', 'Burmakino'),
(2518, 77, 'Варегово', 'Varegovo'),
(2519, 77, 'Волга', 'Volga'),
(2520, 77, 'Гаврилов Ям', 'Gavrilov YAm'),
(2521, 77, 'Данилов', 'Danilov'),
(2522, 77, 'Любим', 'Lyubim'),
(2523, 77, 'Мышкин', 'Myshkin'),
(2524, 77, 'Некрасовское', 'Nekrasovskoe'),
(2525, 77, 'Новый Некоуз', 'Novyy Nekouz'),
(2526, 77, 'Переславль-Залесский', 'Pereslavl-Zalesskiy'),
(2527, 77, 'Пошехонье-Володарск', 'Poshekhone-Volodarsk'),
(2528, 77, 'Ростов', 'Rostov'),
(2529, 77, 'Рыбинск', 'Rybinsk'),
(2530, 77, 'Тутаев', 'Tutaev'),
(2531, 77, 'Углич', 'Uglich'),
(2532, 77, 'Ярославль', 'YAroslavl'),
(2533, 78, 'Черкесск', 'CHerkessk'),
(3000, 91, 'Алупка', 'Alupka'),
(3001, 91, 'Алушта', 'Alushta'),
(3002, 91, 'Армянск', 'Armyansk'),
(3003, 91, 'Армянськ', 'Armyansk'),
(3004, 91, 'Бахчисарай', 'Bakhchisaray'),
(3005, 91, 'Белогорск', 'Belogorsk'),
(3006, 91, 'Джанкой', 'Dzhankoy'),
(3007, 91, 'Евпатория', 'Evpatoriya'),
(3008, 91, 'Керчь', 'Kerch'),
(3009, 91, 'Красноперекопск', 'Krasnoperekopsk'),
(3010, 91, 'Подгорное', 'Podgornoe'),
(3011, 91, 'Саки', 'Saki'),
(3012, 91, 'Симферополь', 'Simferopol'),
(3013, 91, 'Старый крым', 'Staryy krym'),
(3014, 91, 'Судак', 'Sudak'),
(3015, 91, 'Феодосия', 'Feodosiya'),
(3016, 91, 'Щелкино', 'SHCHelkino'),
(3017, 91, 'Ялта', 'YAlta'),
(3018, 92, 'Инкерман', 'Inkerman'),
(3019, 92, 'Севастополь', 'Sevastopol');




INSERT INTO `country` (`id`, `name`) VALUES
(1, 'Москва и Московская обл.'),
(2, 'Санкт-Петербург и область'),
(3, 'Адыгея'),
(4, 'Алтайский край'),
(5, 'Амурская обл.'),
(6, 'Архангельская обл.'),
(7, 'Астраханская обл.'),
(8, 'Башкортостан(Башкирия)'),
(9, 'Белгородская обл.'),
(10, 'Брянская обл.'),
(11, 'Бурятия'),
(12, 'Владимирская обл.'),
(13, 'Волгоградская обл.'),
(14, 'Вологодская обл.'),
(15, 'Воронежская обл.'),
(16, 'Дагестан'),
(17, 'Еврейская обл.'),
(18, 'Ивановская обл.'),
(19, 'Иркутская обл.'),
(20, 'Кабардино-Балкария'),
(21, 'Калининградская обл.'),
(22, 'Калмыкия'),
(23, 'Калужская обл.'),
(24, 'Камчатский край'),
(25, 'Карелия'),
(26, 'Кемеровская обл.'),
(27, 'Кировская обл.'),
(28, 'Коми'),
(29, 'Костромская обл.'),
(30, 'Краснодарский край'),
(31, 'Красноярский край'),
(32, 'Курганская обл.'),
(33, 'Курская обл.'),
(34, 'Липецкая обл.'),
(35, 'Магаданская обл.'),
(36, 'Марий Эл'),
(37, 'Мордовия'),
(38, 'Мурманская обл.'),
(39, 'Нижегородская (Горьковская)'),
(40, 'Новгородская обл.'),
(41, 'Новосибирская обл.'),
(42, 'Омская обл.'),
(43, 'Оренбургская обл.'),
(44, 'Орловская обл.'),
(45, 'Пензенская обл.'),
(46, 'Пермский край'),
(47, 'Приморский край'),
(48, 'Псковская обл.'),
(49, 'Ростовская обл.'),
(50, 'Рязанская обл.'),
(51, 'Самарская обл.'),
(52, 'Саратовская обл.'),
(53, 'Саха (Якутия)'),
(54, 'Сахалин'),
(55, 'Свердловская обл.'),
(56, 'Северная Осетия'),
(57, 'Смоленская обл.'),
(58, 'Ставропольский край'),
(59, 'Тамбовская обл.'),
(60, 'Татарстан'),
(61, 'Тверская обл.'),
(62, 'Томская обл.'),
(63, 'Тува (Тувинская Респ.)'),
(64, 'Тульская обл.'),
(65, 'Тюменская обл. и Ханты-Мансийский АО'),
(66, 'Удмуртия'),
(67, 'Ульяновская обл.'),
(68, 'Уральская обл.'),
(69, 'Хабаровский край'),
(70, 'Хакасия'),
(71, 'Челябинская обл.'),
(72, 'Чечено-Ингушетия'),
(73, 'Читинская обл.'),
(74, 'Чувашия'),
(75, 'Чукотский АО'),
(76, 'Ямало-Ненецкий АО'),
(77, 'Ярославская обл.'),
(78, 'Карачаево-Черкесская Республика'),
(91, 'Республика Крым'),
(92, 'Севастополь');


--
-- Дамп данных таблицы `likeable_likes`
--

INSERT INTO `likeable_likes` (`id`, `likable_id`, `likable_type`, `user_id`, `created_at`, `updated_at`) VALUES
(14, '1', 'App\\Core\\Models\\User', '2', '2017-06-11 15:15:13', '2017-06-11 15:15:13'),
(15, '104', 'App\\Core\\Models\\User', '2', '2017-06-12 13:20:17', '2017-06-12 13:20:17'),
(16, '103', 'App\\Core\\Models\\User', '2', '2017-06-12 17:23:22', '2017-06-12 17:23:22'),
(17, '102', 'App\\Core\\Models\\User', '2', '2017-06-12 17:23:27', '2017-06-12 17:23:27'),
(18, '101', 'App\\Core\\Models\\User', '2', '2017-06-12 17:23:32', '2017-06-12 17:23:32'),
(19, '100', 'App\\Core\\Models\\User', '2', '2017-06-12 17:23:39', '2017-06-12 17:23:39'),
(20, '99', 'App\\Core\\Models\\User', '2', '2017-06-12 17:23:45', '2017-06-12 17:23:45'),
(21, '98', 'App\\Core\\Models\\User', '2', '2017-06-12 17:23:50', '2017-06-12 17:23:50'),
(22, '97', 'App\\Core\\Models\\User', '2', '2017-06-12 17:23:56', '2017-06-12 17:23:56'),
(23, '96', 'App\\Core\\Models\\User', '2', '2017-06-12 17:24:03', '2017-06-12 17:24:03'),
(24, '95', 'App\\Core\\Models\\User', '2', '2017-06-12 17:24:09', '2017-06-12 17:24:09'),
(25, '94', 'App\\Core\\Models\\User', '2', '2017-06-12 17:24:14', '2017-06-12 17:24:14'),
(26, '93', 'App\\Core\\Models\\User', '2', '2017-06-12 17:24:20', '2017-06-12 17:24:20'),
(27, '92', 'App\\Core\\Models\\User', '2', '2017-06-12 17:24:25', '2017-06-12 17:24:25'),
(29, '90', 'App\\Core\\Models\\User', '2', '2017-06-12 17:24:35', '2017-06-12 17:24:35'),
(30, '89', 'App\\Core\\Models\\User', '2', '2017-06-12 17:24:41', '2017-06-12 17:24:41'),
(31, '88', 'App\\Core\\Models\\User', '2', '2017-06-12 17:24:46', '2017-06-12 17:24:46'),
(32, '87', 'App\\Core\\Models\\User', '2', '2017-06-12 17:24:51', '2017-06-12 17:24:51'),
(33, '86', 'App\\Core\\Models\\User', '2', '2017-06-12 17:24:57', '2017-06-12 17:24:57'),
(34, '60', 'App\\Core\\Models\\User', '2', '2017-06-12 17:51:34', '2017-06-12 17:51:34'),
(35, '61', 'App\\Core\\Models\\User', '2', '2017-06-12 17:51:39', '2017-06-12 17:51:39'),
(36, '62', 'App\\Core\\Models\\User', '2', '2017-06-12 17:51:44', '2017-06-12 17:51:44'),
(37, '63', 'App\\Core\\Models\\User', '2', '2017-06-12 17:51:50', '2017-06-12 17:51:50'),
(38, '64', 'App\\Core\\Models\\User', '2', '2017-06-12 17:51:55', '2017-06-12 17:51:55'),
(39, '65', 'App\\Core\\Models\\User', '2', '2017-06-12 17:52:01', '2017-06-12 17:52:01'),
(40, '66', 'App\\Core\\Models\\User', '2', '2017-06-12 17:52:09', '2017-06-12 17:52:09'),
(41, '67', 'App\\Core\\Models\\User', '2', '2017-06-12 17:52:14', '2017-06-12 17:52:14'),
(42, '68', 'App\\Core\\Models\\User', '2', '2017-06-12 17:52:20', '2017-06-12 17:52:20'),
(43, '69', 'App\\Core\\Models\\User', '2', '2017-06-12 17:52:25', '2017-06-12 17:52:25'),
(44, '70', 'App\\Core\\Models\\User', '2', '2017-06-12 17:52:32', '2017-06-12 17:52:32'),
(45, '71', 'App\\Core\\Models\\User', '2', '2017-06-12 17:52:37', '2017-06-12 17:52:37'),
(46, '72', 'App\\Core\\Models\\User', '2', '2017-06-12 17:52:42', '2017-06-12 17:52:42');

-- --------------------------------------------------------


--
-- Дамп данных таблицы `likeable_like_counters`
--

INSERT INTO `likeable_like_counters` (`id`, `likable_id`, `likable_type`, `count`) VALUES
(14, '1', 'App\\Core\\Models\\User', 1),
(15, '104', 'App\\Core\\Models\\User', 1),
(16, '103', 'App\\Core\\Models\\User', 1),
(17, '102', 'App\\Core\\Models\\User', 1),
(18, '101', 'App\\Core\\Models\\User', 1),
(19, '100', 'App\\Core\\Models\\User', 1),
(20, '99', 'App\\Core\\Models\\User', 1),
(21, '98', 'App\\Core\\Models\\User', 1),
(22, '97', 'App\\Core\\Models\\User', 1),
(23, '96', 'App\\Core\\Models\\User', 1),
(24, '95', 'App\\Core\\Models\\User', 1),
(25, '94', 'App\\Core\\Models\\User', 1),
(26, '93', 'App\\Core\\Models\\User', 1),
(27, '92', 'App\\Core\\Models\\User', 1),
(29, '90', 'App\\Core\\Models\\User', 1),
(30, '89', 'App\\Core\\Models\\User', 1),
(31, '88', 'App\\Core\\Models\\User', 1),
(32, '87', 'App\\Core\\Models\\User', 1),
(33, '86', 'App\\Core\\Models\\User', 1),
(34, '60', 'App\\Core\\Models\\User', 1),
(35, '61', 'App\\Core\\Models\\User', 1),
(36, '62', 'App\\Core\\Models\\User', 1),
(37, '63', 'App\\Core\\Models\\User', 1),
(38, '64', 'App\\Core\\Models\\User', 1),
(39, '65', 'App\\Core\\Models\\User', 1),
(40, '66', 'App\\Core\\Models\\User', 1),
(41, '67', 'App\\Core\\Models\\User', 1),
(42, '68', 'App\\Core\\Models\\User', 1),
(43, '69', 'App\\Core\\Models\\User', 1),
(44, '70', 'App\\Core\\Models\\User', 1),
(45, '71', 'App\\Core\\Models\\User', 1),
(46, '72', 'App\\Core\\Models\\User', 1);

-- --------------------------------------------------------


--
-- Дамп данных таблицы `menu`
--

INSERT INTO `menu` (`id`, `label`, `title`, `slug`, `robot`, `style`, `target`, `auth`, `lang`, `parent`, `sort`, `type`, `created_at`, `updated_at`) VALUES
(4, 'О нас', 'Информация о компании', '/p/about', 'details', NULL, '_self', 0, 'ru', NULL, 0, 'footer', '2017-05-28 05:08:07', '2017-05-28 05:08:07'),
(5, 'Контакты', 'Связаться с нами', '/contacts', 'contact', NULL, '_self', 0, 'ru', NULL, 0, 'footer', '2017-05-28 05:08:07', '2017-05-28 05:08:07'),
(6, 'Договор оферты', 'Полный договор', '/p/dogovor', NULL, NULL, '_self', 0, 'ru', NULL, 0, 'footer', '2017-05-28 05:08:07', '2017-05-28 05:08:07');

-- --------------------------------------------------------
-------------------------------------------

--
-- Дамп данных таблицы `migrations`
--



-- --------------------------------------------------------

-- --------------------------------------------------------

-- --------------------------------------------------------
--------------------------------------------------


--
-- Дамп данных таблицы `posts`
--

INSERT INTO `posts` (`id`, `user_id`, `type`, `status`, `content`, `options`, `slug`, `publish_at`, `created_at`, `updated_at`, `deleted_at`) VALUES
(1, 2, 'pages', 'publish', '{\"en\": {\"body\": \"<p class=\\\"text-justify\\\">Значимость этих проблем настолько очевидна, что новая модель организационной деятельности обеспечивает широкому кругу (специалистов) участие в формировании форм развития. Товарищи! новая модель организационной деятельности играет важную роль в формировании дальнейших направлений развития. Разнообразный и богатый опыт укрепление и развитие структуры в значительной степени обуславливает создание модели развития. Идейные соображения высшего порядка, а также сложившаяся структура организации в значительной степени обуславливает создание систем массового участия. С другой стороны реализация намеченных плановых заданий способствует подготовки и реализации новых предложений.</p><p class=\\\"text-justify\\\">Таким образом постоянное информационно-пропагандистское обеспечение нашей деятельности обеспечивает широкому кругу (специалистов) участие в формировании форм развития. Таким образом начало повседневной работы по формированию позиции способствует подготовки и реализации форм развития. Задача организации, в особенности же новая модель организационной деятельности представляет собой интересный эксперимент проверки соответствующий условий активизации.</p><p class=\\\"text-justify\\\">Разнообразный и богатый опыт постоянное информационно-пропагандистское обеспечение нашей деятельности обеспечивает широкому кругу (специалистов) участие в формировании новых предложений. Товарищи! реализация намеченных плановых заданий влечет за собой процесс внедрения и модернизации новых предложений. Задача организации, в особенности же новая модель организационной деятельности в значительной степени обуславливает создание форм развития. Равным образом постоянный количественный рост и сфера нашей активности представляет собой интересный эксперимент проверки форм развития. Равным образом реализация намеченных плановых заданий играет важную роль в формировании форм развития. Не следует, однако забывать, что дальнейшее развитие различных форм деятельности обеспечивает широкому кругу (специалистов) участие в формировании направлений прогрессивного развития.</p><p class=\\\"text-justify\\\">Идейные соображения высшего порядка, а также консультация с широким активом представляет собой интересный эксперимент проверки соответствующий условий активизации. Идейные соображения высшего порядка, а также дальнейшее развитие различных форм деятельности представляет собой интересный эксперимент проверки существенных финансовых и административных условий. Разнообразный и богатый опыт рамки и место обучения кадров позволяет выполнять важные задания по разработке новых предложений. Задача организации, в особенности же сложившаяся структура организации позволяет выполнять важные задания по разработке новых предложений. С другой стороны начало повседневной работы по формированию позиции требуют от нас анализа новых предложений. Повседневная практика показывает, что консультация с широким активом в значительной степени обуславливает создание модели развития.</p>\", \"name\": \"Тестовая запись\", \"open\": \"2017-06-12 20:58:22\", \"block\": null, \"robot\": \"index\", \"title\": \"Тестовая запись\", \"keywords\": \"Тестовая запись\", \"description\": \"Тестовая запись\"}}', '{\"locale\": {\"en\": \"true\"}}', 'testovaya-zapis', '2017-06-12 18:01:53', '2017-06-12 14:59:25', '2017-06-12 15:01:53', NULL);

-- --------------------------------------------------------


-- --------------------------------------------------------

-- --------------------------------------------------------

-------------------------------------------------

-- Дамп данных таблицы `settings`
--

INSERT INTO `settings` (`key`, `value`) VALUES
('site_adress', '\"Липецк, 60 лет СССР д15\"'),
('site_description', '\"Малый бизнес\"'),
('site_email', '\"mail@mail.ru\"'),
('site_keywords', '\"Малый бизнес\"'),
('site_phone', '\"8 800 900 90 90\"'),
('site_title', '\"Малый бизнес\"');

-- --------------------------------------------------------


--
-- Дамп данных таблицы `tagged`
--

INSERT INTO `tagged` (`id`, `taggable_type`, `taggable_id`, `tag_id`) VALUES
(1, 'App\\Core\\Models\\User', 2, 1),
(4, 'App\\Core\\Models\\User', 2, 2),
(5, 'App\\Core\\Models\\User', 2, 3),
(6, 'App\\Core\\Models\\User', 60, 1),
(7, 'App\\Core\\Models\\User', 60, 2),
(8, 'App\\Core\\Models\\User', 60, 3),
(9, 'App\\Core\\Models\\User', 2, 5);

-- --------------------------------------------------------

-- Дамп данных таблицы `tags`
--

INSERT INTO `tags` (`id`, `namespace`, `slug`, `name`, `count`) VALUES
(1, 'App\\Core\\Models\\User', 'foo', 'foo', 1),
(2, 'App\\Core\\Models\\User', 'bar', 'bar', 1),
(3, 'App\\Core\\Models\\User', 'baz', 'baz', 1),
(4, 'App\\Core\\Models\\User', 'azazaza', 'azazaza', 0),
(5, 'App\\Core\\Models\\User', 'kjhijp', 'kjhijp', 1);

-- --------------------------------------------------------


-- --------------------------------------------------------

-- --------------------------------------------------------


--
-- Дамп данных таблицы `threads`
--

INSERT INTO `threads` (`id`, `subject`, `created_at`, `updated_at`, `deleted_at`) VALUES
(2, 'акуак', '2017-06-18 18:17:16', '2017-06-18 19:45:35', NULL);

-- --------------------------------------------------------


--
-- Дамп данных таблицы `users`
--

IN

/*!40101 SET CHARACTER_SET_CLIENT=@OLD_CHARACTER_SET_CLIENT */;
/*!40101 SET CHARACTER_SET_RESULTS=@OLD_CHARACTER_SET_RESULTS */;
/*!40101 SET COLLATION_CONNECTION=@OLD_COLLATION_CONNECTION */;
